Date,Day,Month,Quarter,Year,Open,Close,Volume
1/1/2019,Wednesday,January,Q1,2019,41.85,41.4,105166
1/2/2019,Thursday,January,Q1,2019,41.1,41.15,288827
1/3/2019,Friday,January,Q1,2019,41.5,40.95,211035
1/4/2019,Monday,January,Q1,2019,40.95,40.55,169984
1/7/2019,Tuesday,January,Q1,2019,41,41.1,292864
1/8/2019,Wednesday,January,Q1,2019,41.1,40.75,259216
1/9/2019,Thursday,January,Q1,2019,41.2,40.65,160411
1/10/2019,Friday,January,Q1,2019,40.95,40.65,82567
1/11/2019,Monday,January,Q1,2019,40.65,39.75,346640
1/14/2019,Tuesday,January,Q1,2019,40.5,39.6,269872
1/15/2019,Wednesday,January,Q1,2019,40.1,38.75,228070
1/16/2019,Thursday,January,Q1,2019,39.3,39.15,167243
1/17/2019,Friday,January,Q1,2019,39.75,39.65,221463
1/18/2019,Monday,January,Q1,2019,39.65,38.75,180157
1/21/2019,Tuesday,January,Q1,2019,39,37.95,113138
1/22/2019,Wednesday,January,Q1,2019,38,37.75,243342
1/23/2019,Thursday,January,Q1,2019,37.75,37.95,113541
1/24/2019,Friday,January,Q1,2019,37.7,37.35,119053
1/25/2019,Monday,January,Q1,2019,38.05,35.1,250182
1/28/2019,Tuesday,January,Q1,2019,35.45,32.5,770899
1/29/2019,Wednesday,January,Q1,2019,33,34.9,542956
1/30/2019,Thursday,January,Q1,2019,35.95,37.3,529540
1/31/2019,Friday,February,Q1,2019,38,35.6,733194
2/1/2019,Monday,February,Q1,2019,36.4,35.75,352935
2/4/2019,Tuesday,February,Q1,2019,35.95,33.85,251417
2/5/2019,Wednesday,February,Q1,2019,34.3,32.95,192834
2/6/2019,Thursday,February,Q1,2019,33.4,33.1,345009
2/7/2019,Friday,February,Q1,2019,33.5,34.4,1211335
2/8/2019,Monday,February,Q1,2019,34.75,33.9,190270
2/11/2019,Tuesday,February,Q1,2019,33,32.85,198956
2/12/2019,Thursday,February,Q1,2019,33,32.1,216299
2/14/2019,Friday,February,Q1,2019,32.55,31.95,418342
2/15/2019,Monday,February,Q1,2019,32.05,31,438733
2/18/2019,Tuesday,February,Q1,2019,31.45,30.25,238514
2/19/2019,Wednesday,February,Q1,2019,30.25,30.8,200552
2/20/2019,Thursday,February,Q1,2019,31.15,30.95,220599
2/21/2019,Friday,February,Q1,2019,31,30.85,320492
2/22/2019,Monday,February,Q1,2019,31.1,32.7,788757
2/25/2019,Tuesday,February,Q1,2019,33.4,32.95,493358
2/26/2019,Wednesday,February,Q1,2019,32.75,32.9,602009
2/27/2019,Thursday,February,Q1,2019,33.25,32.9,918227
2/28/2019,Friday,March,Q1,2019,33,33.05,305906
3/1/2019,Tuesday,March,Q1,2019,33.1,34.2,1019350
3/5/2019,Wednesday,March,Q1,2019,34.25,36.25,1423360
3/6/2019,Thursday,March,Q1,2019,36.75,35.4,976586
3/7/2019,Friday,March,Q1,2019,36,35.6,816819
3/8/2019,Monday,March,Q1,2019,35.6,35,552247
3/11/2019,Tuesday,March,Q1,2019,35.4,36.15,515567
3/12/2019,Wednesday,March,Q1,2019,36.5,39.1,3374322
3/13/2019,Thursday,March,Q1,2019,39.3,39.75,2123795
3/14/2019,Friday,March,Q1,2019,40.2,38.55,791109
3/15/2019,Monday,March,Q1,2019,38.9,37.8,886002
3/18/2019,Tuesday,March,Q1,2019,38.25,37.4,591667
3/19/2019,Wednesday,March,Q1,2019,37.4,37.1,514591
3/20/2019,Friday,March,Q1,2019,37,36.45,458645
3/22/2019,Monday,March,Q1,2019,36.6,36,505496
3/25/2019,Tuesday,March,Q1,2019,35.55,35.15,426556
3/26/2019,Wednesday,March,Q1,2019,35.05,35.95,480545
3/27/2019,Thursday,March,Q1,2019,36.1,35.55,366621
3/28/2019,Monday,April,Q2,2019,35.6,35.85,498011
4/1/2019,Tuesday,April,Q2,2019,37.55,38.7,780251
4/2/2019,Wednesday,April,Q2,2019,38.95,37.75,785107
4/3/2019,Thursday,April,Q2,2019,37.75,37.25,368043
4/4/2019,Friday,April,Q2,2019,37.3,36.95,425277
4/5/2019,Monday,April,Q2,2019,37,36.65,258016
4/8/2019,Tuesday,April,Q2,2019,36.95,36.25,680431
4/9/2019,Wednesday,April,Q2,2019,36.5,37,434729
4/10/2019,Thursday,April,Q2,2019,36.9,36.95,446323
4/11/2019,Friday,April,Q2,2019,37,36,592636
4/12/2019,Monday,April,Q2,2019,36.35,37,716786
4/15/2019,Tuesday,April,Q2,2019,37.3,37.45,598604
4/16/2019,Thursday,April,Q2,2019,37.6,44.5,10783405
4/18/2019,Monday,April,Q2,2019,44.9,45,7207777
4/22/2019,Tuesday,April,Q2,2019,44.4,44.75,2596859
4/23/2019,Wednesday,April,Q2,2019,44.6,44.2,1041669
4/24/2019,Thursday,April,Q2,2019,44.4,44.7,867612
4/25/2019,Friday,April,Q2,2019,44.75,43.8,599113
4/26/2019,Tuesday,April,Q2,2019,43.55,43,648948
4/30/2019,Thursday,May,Q2,2019,42.95,40.05,958201
5/2/2019,Friday,May,Q2,2019,40,41.8,1313437
5/3/2019,Monday,May,Q2,2019,41.9,41.9,432762
5/6/2019,Tuesday,May,Q2,2019,41.4,40.2,482271
5/7/2019,Wednesday,May,Q2,2019,40.5,39.45,752888
5/8/2019,Thursday,May,Q2,2019,39.85,38.05,793079
5/9/2019,Friday,May,Q2,2019,38.25,39.15,704888
5/10/2019,Monday,May,Q2,2019,39.7,39.1,389550
5/13/2019,Tuesday,May,Q2,2019,39.35,37.8,388130
5/14/2019,Wednesday,May,Q2,2019,37.6,37.7,551588
5/15/2019,Thursday,May,Q2,2019,38.1,37.5,991433
5/16/2019,Friday,May,Q2,2019,37.5,36.6,750015
5/17/2019,Monday,May,Q2,2019,37,37.4,605735
5/20/2019,Tuesday,May,Q2,2019,41,43.1,2765726
5/21/2019,Wednesday,May,Q2,2019,44.1,43.35,2839782
5/22/2019,Thursday,May,Q2,2019,44.2,43.95,1366431
5/23/2019,Friday,May,Q2,2019,46,43.4,3296384
5/24/2019,Monday,May,Q2,2019,44,42.3,836545
5/27/2019,Tuesday,May,Q2,2019,42.55,43.15,728280
5/28/2019,Wednesday,May,Q2,2019,43.5,45,2795602
5/29/2019,Thursday,May,Q2,2019,45.2,44.7,1087465
5/30/2019,Friday,May,Q2,2019,44.9,44.6,775453
5/31/2019,Monday,June,Q2,2019,44.8,43.3,733078
6/3/2019,Tuesday,June,Q2,2019,43.55,44.1,1032570
6/4/2019,Thursday,June,Q2,2019,43.9,45.2,1564837
6/6/2019,Friday,June,Q2,2019,45.65,44.35,1090829
6/7/2019,Monday,June,Q2,2019,44.45,43.25,958801
6/10/2019,Tuesday,June,Q2,2019,43.95,42.9,572040
6/11/2019,Wednesday,June,Q2,2019,42.9,42.55,373551
6/12/2019,Thursday,June,Q2,2019,42.95,43.15,1005299
6/13/2019,Friday,June,Q2,2019,43.3,43.4,878605
6/14/2019,Monday,June,Q2,2019,43.2,42.6,735206
6/17/2019,Tuesday,June,Q2,2019,42.3,41.65,463842
6/18/2019,Wednesday,June,Q2,2019,41.65,40.8,507146
6/19/2019,Thursday,June,Q2,2019,40.8,39.75,716297
6/20/2019,Friday,June,Q2,2019,40.9,40.95,1318472
6/21/2019,Monday,June,Q2,2019,41.25,41.25,544866
6/24/2019,Tuesday,June,Q2,2019,41.6,41.15,329432
6/25/2019,Wednesday,June,Q2,2019,40.75,41.35,420526
6/26/2019,Thursday,June,Q2,2019,41.5,41.5,337225
6/27/2019,Friday,June,Q2,2019,41.6,42.35,520763
6/28/2019,Monday,July,Q3,2019,42.8,44.4,1669966
7/1/2019,Tuesday,July,Q3,2019,44.95,45.5,1373074
7/2/2019,Wednesday,July,Q3,2019,45.75,50.2,9097156
7/3/2019,Thursday,July,Q3,2019,50.75,52,5384608
7/4/2019,Friday,July,Q3,2019,52.5,51.05,2307705
7/5/2019,Monday,July,Q3,2019,51.45,47.6,1917892
7/8/2019,Tuesday,July,Q3,2019,47,44.85,1441111
7/9/2019,Wednesday,July,Q3,2019,44.7,49.6,5877043
7/10/2019,Thursday,July,Q3,2019,50.2,49.1,3006518
7/11/2019,Friday,July,Q3,2019,49.55,49.45,1433624
7/12/2019,Monday,July,Q3,2019,49.75,49.55,1510070
7/15/2019,Tuesday,July,Q3,2019,49.9,48.5,967174
7/16/2019,Wednesday,July,Q3,2019,48.9,49.2,1212564
7/17/2019,Thursday,July,Q3,2019,49.4,48.45,705789
7/18/2019,Friday,July,Q3,2019,48.3,47.5,938262
7/19/2019,Monday,July,Q3,2019,48,45.8,1180434
7/22/2019,Tuesday,July,Q3,2019,45.5,46.8,1022220
7/23/2019,Wednesday,July,Q3,2019,46.9,48.8,1756709
7/24/2019,Thursday,July,Q3,2019,49.4,48.45,671080
7/25/2019,Friday,July,Q3,2019,48.35,48.8,677095
7/26/2019,Monday,July,Q3,2019,48.8,49.6,777960
7/29/2019,Tuesday,July,Q3,2019,49.05,48.8,328736
7/30/2019,Wednesday,July,Q3,2019,49,46.4,623197
7/31/2019,Thursday,August,Q3,2019,45.6,46.8,473057
8/1/2019,Friday,August,Q3,2019,46,45.6,503495
8/2/2019,Monday,August,Q3,2019,45.4,46.85,932015
8/5/2019,Tuesday,August,Q3,2019,46.1,45.8,767973
8/6/2019,Wednesday,August,Q3,2019,45.95,47.5,584382
8/7/2019,Thursday,August,Q3,2019,47.65,47.8,1046474
8/8/2019,Friday,August,Q3,2019,48.5,47.35,860687
8/9/2019,Tuesday,August,Q3,2019,47.45,46.4,599088
8/13/2019,Wednesday,August,Q3,2019,47,46.5,393919
8/14/2019,Friday,August,Q3,2019,46.5,46.6,219496
8/16/2019,Monday,August,Q3,2019,45.2,46.85,348501
8/19/2019,Tuesday,August,Q3,2019,47.3,46.35,289088
8/20/2019,Wednesday,August,Q3,2019,46.3,45.8,298641
8/21/2019,Thursday,August,Q3,2019,45.9,44.1,310844
8/22/2019,Friday,August,Q3,2019,43.6,43.5,486726
8/23/2019,Monday,August,Q3,2019,43,43.85,394426
8/26/2019,Tuesday,August,Q3,2019,45,43.65,445215
8/27/2019,Wednesday,August,Q3,2019,43.55,44.95,469164
8/28/2019,Thursday,August,Q3,2019,45,44.05,292461
8/29/2019,Friday,August,Q3,2019,44.15,43.4,175387
8/30/2019,Tuesday,September,Q3,2019,46,46.4,1922577
9/3/2019,Wednesday,September,Q3,2019,46,44.45,337233
9/4/2019,Thursday,September,Q3,2019,44.8,43.85,266067
9/5/2019,Friday,September,Q3,2019,44.15,45.05,299542
9/6/2019,Monday,September,Q3,2019,45.25,45.1,278208
9/9/2019,Wednesday,September,Q3,2019,45.45,45.5,337267
9/11/2019,Thursday,September,Q3,2019,45.55,48.3,1040310
9/12/2019,Friday,September,Q3,2019,49.05,48.9,922820
9/13/2019,Monday,September,Q3,2019,49.25,50.25,706131
9/16/2019,Tuesday,September,Q3,2019,49.95,55.55,5344257
9/17/2019,Wednesday,September,Q3,2019,55.9,54.85,1969318
9/18/2019,Thursday,September,Q3,2019,55.6,53.05,1049757
9/19/2019,Friday,September,Q3,2019,53.1,50.15,1387090
9/20/2019,Monday,September,Q3,2019,50.5,51.6,1461426
9/23/2019,Tuesday,September,Q3,2019,52.5,52.2,1072941
9/24/2019,Wednesday,September,Q3,2019,52,52.7,763788
9/25/2019,Thursday,September,Q3,2019,52.6,52.55,910875
9/26/2019,Friday,September,Q3,2019,52.6,59.15,6024700
9/27/2019,Monday,September,Q3,2019,59.15,57.35,2026755
9/30/2019,Tuesday,October,Q4,2019,57.55,58.25,4085782
10/1/2019,Thursday,October,Q4,2019,58.75,56.5,1433723
10/3/2019,Friday,October,Q4,2019,56.7,61.2,3183487
10/4/2019,Monday,October,Q4,2019,61.85,65.15,6352717
10/7/2019,Wednesday,October,Q4,2019,65.45,68.05,4496152
10/9/2019,Thursday,October,Q4,2019,68.3,71.45,6942443
10/10/2019,Friday,October,Q4,2019,71.4,73.8,3267575
10/11/2019,Monday,October,Q4,2019,74.6,78.75,6379751
10/14/2019,Tuesday,October,Q4,2019,79.45,79.15,5291524
10/15/2019,Wednesday,October,Q4,2019,79.8,79.95,2719906
10/16/2019,Thursday,October,Q4,2019,80.6,80.25,1511651
10/17/2019,Friday,October,Q4,2019,80.45,88.85,8398359
10/18/2019,Tuesday,October,Q4,2019,89,89.6,3174728
10/22/2019,Wednesday,October,Q4,2019,90,86.6,2692862
10/23/2019,Thursday,October,Q4,2019,86.55,86.65,1917829
10/24/2019,Friday,October,Q4,2019,87.35,86.15,1196231
10/25/2019,Sunday,October,Q4,2019,85.9,88.95,3192580
10/27/2019,Tuesday,October,Q4,2019,90,90.2,678001
10/29/2019,Wednesday,October,Q4,2019,90.35,89.5,1977567
10/30/2019,Thursday,October,Q4,2019,89.6,89.9,1188364
10/31/2019,Friday,November,Q4,2019,90.55,89.7,1051707
11/1/2019,Monday,November,Q4,2019,90.25,89.95,937093
11/4/2019,Tuesday,November,Q4,2019,89.7,92.65,3284998
11/5/2019,Wednesday,November,Q4,2019,93.2,90.7,963016
11/6/2019,Thursday,November,Q4,2019,90,90.3,1188174
11/7/2019,Friday,November,Q4,2019,90.4,88.7,911495
11/8/2019,Monday,November,Q4,2019,88.8,86.7,1403419
11/11/2019,Wednesday,November,Q4,2019,86.8,93.85,4135563
11/13/2019,Thursday,November,Q4,2019,95,96,6684791
11/14/2019,Friday,November,Q4,2019,96.7,95.05,1611104
11/15/2019,Monday,November,Q4,2019,95.4,95.5,1053101
11/18/2019,Tuesday,November,Q4,2019,95.95,94.05,643258
11/19/2019,Wednesday,November,Q4,2019,94.05,96.2,1471915
11/20/2019,Thursday,November,Q4,2019,96.8,98.75,2279188
11/21/2019,Friday,November,Q4,2019,98.65,97,855172
11/22/2019,Monday,November,Q4,2019,97.45,106.7,4228833
11/25/2019,Tuesday,November,Q4,2019,107.7,114.3,6899872
11/26/2019,Wednesday,November,Q4,2019,114.5,115.15,3410913
11/27/2019,Thursday,November,Q4,2019,115.8,125.9,5101074
11/28/2019,Friday,November,Q4,2019,127.25,132.15,3053265
11/29/2019,Monday,December,Q4,2019,136,137.1,5716364
12/2/2019,Tuesday,December,Q4,2019,138,131.3,3121254
12/3/2019,Wednesday,December,Q4,2019,132,124.75,1057611
12/4/2019,Thursday,December,Q4,2019,119.55,128.55,6954803
12/5/2019,Friday,December,Q4,2019,129,129.95,1769948
12/6/2019,Monday,December,Q4,2019,129.6,126.4,1133254
12/9/2019,Tuesday,December,Q4,2019,125.3,124.65,981394
12/10/2019,Wednesday,December,Q4,2019,124.35,126.9,1078100
12/11/2019,Thursday,December,Q4,2019,128,132.55,2319859
12/12/2019,Friday,December,Q4,2019,134.2,131.9,1195491
12/13/2019,Monday,December,Q4,2019,131.9,132.65,764794
12/16/2019,Tuesday,December,Q4,2019,133.3,134.4,2156419
12/17/2019,Wednesday,December,Q4,2019,135,135.55,957067
12/18/2019,Thursday,December,Q4,2019,136.3,135.1,690735
12/19/2019,Friday,December,Q4,2019,134.95,134.25,483204
12/20/2019,Monday,December,Q4,2019,134.75,135.1,617642
12/23/2019,Tuesday,December,Q4,2019,135.1,141.85,2374429
12/24/2019,Thursday,December,Q4,2019,146.45,148.9,1169913
12/26/2019,Friday,December,Q4,2019,156.3,156.3,347718
12/27/2019,Monday,December,Q4,2019,159.4,151,5370150
12/30/2019,Tuesday,December,Q4,2019,153.7,158.55,1567589
12/31/2019,Wednesday,January,Q1,2020,166.45,166.45,2050662
1/1/2020,Thursday,January,Q1,2020,169.35,174.75,5417952
1/2/2020,Friday,January,Q1,2020,179.15,183.45,3087009
1/3/2020,Monday,January,Q1,2020,187.8,192.6,3670040
1/6/2020,Tuesday,January,Q1,2020,200,200.6,9497209
1/7/2020,Wednesday,January,Q1,2020,208,210.6,2126797
1/8/2020,Thursday,January,Q1,2020,215.8,221.1,1181338
1/9/2020,Friday,January,Q1,2020,232.15,232.15,273048
1/10/2020,Monday,January,Q1,2020,243.75,220.55,3337546
1/13/2020,Tuesday,January,Q1,2020,209.55,209.55,118786
1/14/2020,Wednesday,January,Q1,2020,199.1,199.1,80682
1/15/2020,Thursday,January,Q1,2020,189.15,189.15,52323
1/16/2020,Friday,January,Q1,2020,179.7,179.7,60474
1/17/2020,Monday,January,Q1,2020,175.1,188.65,6703516
1/20/2020,Tuesday,January,Q1,2020,198.05,198.05,2840614
1/21/2020,Wednesday,January,Q1,2020,199,202.25,3506909
1/22/2020,Thursday,January,Q1,2020,204,197.65,1754417
1/23/2020,Friday,January,Q1,2020,199.2,192.2,1336193
1/24/2020,Monday,January,Q1,2020,187.5,190.25,2518115
1/27/2020,Tuesday,January,Q1,2020,189,190.75,881601
1/28/2020,Wednesday,January,Q1,2020,191.5,187.65,957274
1/29/2020,Thursday,January,Q1,2020,188,186.3,631830
1/30/2020,Friday,January,Q1,2020,186.9,180.45,1024133
1/31/2020,Monday,February,Q1,2020,182.5,189.45,862006
2/3/2020,Tuesday,February,Q1,2020,186.85,196.15,1171000
2/4/2020,Wednesday,February,Q1,2020,201.9,198,3984199
2/5/2020,Thursday,February,Q1,2020,196,193.25,1320812
2/6/2020,Friday,February,Q1,2020,193,202.9,2711020
2/7/2020,Monday,February,Q1,2020,208.95,213,2674856
2/10/2020,Tuesday,February,Q1,2020,219.9,213.35,2063806
2/11/2020,Wednesday,February,Q1,2020,215.9,211.25,1102243
2/12/2020,Thursday,February,Q1,2020,212.1,207.65,879583
2/13/2020,Friday,February,Q1,2020,208,199.95,929657
2/14/2020,Monday,February,Q1,2020,201,206.8,1474525
2/17/2020,Tuesday,February,Q1,2020,208.4,198.35,773097
2/18/2020,Wednesday,February,Q1,2020,200.8,189.25,839722
2/19/2020,Thursday,February,Q1,2020,191.9,197.85,2501070
2/20/2020,Monday,February,Q1,2020,197.85,194.85,911195
2/24/2020,Tuesday,February,Q1,2020,191.45,185.9,959369
2/25/2020,Wednesday,February,Q1,2020,184.75,180.55,861686
2/26/2020,Thursday,February,Q1,2020,175.55,171.55,996786
2/27/2020,Friday,February,Q1,2020,165.3,163,727993
2/28/2020,Monday,March,Q1,2020,154.85,154.95,1655841
3/2/2020,Tuesday,March,Q1,2020,156.6,156.05,1127956
3/3/2020,Wednesday,March,Q1,2020,162.9,159.5,534459
3/4/2020,Thursday,March,Q1,2020,159.25,152,480121
3/5/2020,Friday,March,Q1,2020,151.55,152.5,1252377
3/6/2020,Monday,March,Q1,2020,144.9,144.9,425088
3/9/2020,Wednesday,March,Q1,2020,137.7,137.7,112895
3/11/2020,Thursday,March,Q1,2020,131.1,130.85,1132428
3/12/2020,Friday,March,Q1,2020,124.35,124.35,26796
3/13/2020,Monday,March,Q1,2020,118.15,123.4,2367027
3/16/2020,Tuesday,March,Q1,2020,120,117.7,1305459
3/17/2020,Wednesday,March,Q1,2020,115,123.4,1650012
3/18/2020,Thursday,March,Q1,2020,125.1,129.4,1137426
3/19/2020,Friday,March,Q1,2020,125,135.65,920137
3/20/2020,Monday,March,Q1,2020,142.4,142.35,417369
3/23/2020,Tuesday,March,Q1,2020,135.25,135.25,255497
3/24/2020,Wednesday,March,Q1,2020,128.5,141.3,981069
3/25/2020,Thursday,March,Q1,2020,140,148.1,436890
3/26/2020,Friday,March,Q1,2020,154,152.1,637211
3/27/2020,Monday,March,Q1,2020,154.5,148.75,567761
3/30/2020,Tuesday,March,Q1,2020,142.1,146.95,490699
3/31/2020,Wednesday,April,Q2,2020,147.3,153.25,452205
4/1/2020,Friday,April,Q2,2020,155.5,152.9,226223
4/3/2020,Tuesday,April,Q2,2020,152.9,151.9,259616
4/7/2020,Wednesday,April,Q2,2020,153.5,158.95,425190
4/8/2020,Thursday,April,Q2,2020,166.85,166.45,702014
4/9/2020,Monday,April,Q2,2020,172.4,174.75,542554
4/13/2020,Wednesday,April,Q2,2020,180,183.35,769348
4/15/2020,Thursday,April,Q2,2020,188,187.8,747297
4/16/2020,Friday,April,Q2,2020,182.3,193.85,431499
4/17/2020,Monday,April,Q2,2020,199,198.95,432613
4/20/2020,Tuesday,April,Q2,2020,200.05,200.75,493261
4/21/2020,Wednesday,April,Q2,2020,191,191.3,661477
4/22/2020,Thursday,April,Q2,2020,191.2,197.2,568003
4/23/2020,Friday,April,Q2,2020,202.8,200,529475
4/24/2020,Monday,April,Q2,2020,199.1,195.95,232558
4/27/2020,Tuesday,April,Q2,2020,193,200.65,391556
4/28/2020,Wednesday,April,Q2,2020,201,203.65,339066
4/29/2020,Thursday,April,Q2,2020,205,207.95,442718
4/30/2020,Monday,May,Q2,2020,211.1,210.45,488630
5/4/2020,Tuesday,May,Q2,2020,199.95,209.55,1698446
5/5/2020,Wednesday,May,Q2,2020,215,210.8,594711
5/6/2020,Thursday,May,Q2,2020,211,211.85,604880
5/7/2020,Friday,May,Q2,2020,207.45,210.55,188208
5/8/2020,Monday,May,Q2,2020,211,212.25,289416
5/11/2020,Tuesday,May,Q2,2020,214.85,222.6,1063341
5/12/2020,Wednesday,May,Q2,2020,222,226.05,667224
5/13/2020,Thursday,May,Q2,2020,233,231,562454
5/14/2020,Friday,May,Q2,2020,229.4,228.55,416147
5/15/2020,Monday,May,Q2,2020,228.6,230.25,325461
5/18/2020,Tuesday,May,Q2,2020,229,229.25,651925
5/19/2020,Wednesday,May,Q2,2020,230,233.65,477703
5/20/2020,Thursday,May,Q2,2020,231,234.7,354733
5/21/2020,Friday,May,Q2,2020,233.95,235.1,365824
5/22/2020,Tuesday,May,Q2,2020,237,239.65,495551
5/26/2020,Wednesday,May,Q2,2020,240,239.9,281221
5/27/2020,Thursday,May,Q2,2020,240,242.6,316188
5/28/2020,Friday,May,Q2,2020,242.6,246,444357
5/29/2020,Monday,June,Q2,2020,246,248.6,294574
6/1/2020,Tuesday,June,Q2,2020,253.9,260.75,864596
6/2/2020,Wednesday,June,Q2,2020,269,273.75,371599
6/3/2020,Thursday,June,Q2,2020,287.4,273.85,1411752
6/4/2020,Friday,June,Q2,2020,274.9,274,1332983
6/5/2020,Monday,June,Q2,2020,274,284.25,1044811
6/8/2020,Tuesday,June,Q2,2020,288.35,297.75,1368198
6/9/2020,Wednesday,June,Q2,2020,312.6,312.6,1422436
6/10/2020,Thursday,June,Q2,2020,328.2,328.2,403398
6/11/2020,Friday,June,Q2,2020,344.6,332.05,5504845
6/12/2020,Monday,June,Q2,2020,315.45,336.4,2889440
6/15/2020,Tuesday,June,Q2,2020,344.85,346.15,2701757
6/16/2020,Wednesday,June,Q2,2020,360.2,363.45,3265090
6/17/2020,Thursday,June,Q2,2020,371.5,381.6,940601
6/18/2020,Friday,June,Q2,2020,400.65,400.65,2333783
6/19/2020,Monday,June,Q2,2020,419.95,420.65,2882495
6/22/2020,Tuesday,June,Q2,2020,441.65,441.65,1646544
6/23/2020,Wednesday,June,Q2,2020,463.7,463.6,4093748
6/24/2020,Thursday,June,Q2,2020,486.75,440.45,4430414
6/25/2020,Friday,June,Q2,2020,418.45,418.45,158257
6/26/2020,Monday,June,Q2,2020,397.55,397.55,147236
6/29/2020,Tuesday,June,Q2,2020,377.7,377.7,94398
6/30/2020,Wednesday,July,Q3,2020,358.85,358.85,126347
7/1/2020,Thursday,July,Q3,2020,340.95,340.95,80912
7/2/2020,Friday,July,Q3,2020,323.95,357.95,3295000
7/3/2020,Monday,July,Q3,2020,375.8,375.8,127962
7/6/2020,Tuesday,July,Q3,2020,394.55,394.55,5078968
7/7/2020,Wednesday,July,Q3,2020,400.4,413.75,5553639
7/8/2020,Thursday,July,Q3,2020,410,393.1,2943177
7/9/2020,Friday,July,Q3,2020,385,373.6,2630020
7/10/2020,Monday,July,Q3,2020,365,371.05,1883562
7/13/2020,Tuesday,July,Q3,2020,381,364.75,855872
7/14/2020,Wednesday,July,Q3,2020,364,348.1,892124
7/15/2020,Thursday,July,Q3,2020,348,354.55,1980374
7/16/2020,Friday,July,Q3,2020,353,348.3,969222
7/17/2020,Monday,July,Q3,2020,352.3,347.3,585531
7/20/2020,Tuesday,July,Q3,2020,349,349.95,898952
7/21/2020,Wednesday,July,Q3,2020,352.1,347.35,463869
7/22/2020,Thursday,July,Q3,2020,345,336,536991
7/23/2020,Friday,July,Q3,2020,337.4,320.3,832614
7/24/2020,Monday,July,Q3,2020,315,336.3,1468506
7/27/2020,Tuesday,July,Q3,2020,345.95,342.2,1835637
7/28/2020,Wednesday,July,Q3,2020,344.6,338.05,475244
7/29/2020,Thursday,July,Q3,2020,338,338.4,566831
7/30/2020,Friday,July,Q3,2020,338.35,341.45,530920
7/31/2020,Monday,August,Q3,2020,340.05,340.65,452663
8/3/2020,Tuesday,August,Q3,2020,342,339.8,425008
8/4/2020,Wednesday,August,Q3,2020,339.15,343.2,440285
8/5/2020,Thursday,August,Q3,2020,344.9,342.95,296449
8/6/2020,Friday,August,Q3,2020,342.95,341.6,295711
8/7/2020,Monday,August,Q3,2020,343,370.45,2282608
8/10/2020,Tuesday,August,Q3,2020,384,373.5,1014469
8/11/2020,Wednesday,August,Q3,2020,373,360.65,586768
8/12/2020,Thursday,August,Q3,2020,353.15,362.5,470018
8/13/2020,Friday,August,Q3,2020,363.75,362.15,295625
8/14/2020,Monday,August,Q3,2020,362.3,357.6,472397
8/17/2020,Tuesday,August,Q3,2020,358.75,367.25,682891
8/18/2020,Wednesday,August,Q3,2020,367.25,373.55,715230
8/19/2020,Thursday,August,Q3,2020,376.75,371,822005
8/20/2020,Friday,August,Q3,2020,370.5,375.4,1229063
8/21/2020,Monday,August,Q3,2020,378.45,376.55,770238
8/24/2020,Tuesday,August,Q3,2020,379.75,414.2,2209231
8/25/2020,Wednesday,August,Q3,2020,424.4,424.7,2573736
8/26/2020,Thursday,August,Q3,2020,420.55,427.65,1145301
8/27/2020,Friday,August,Q3,2020,431.5,432.75,1226228
8/28/2020,Monday,August,Q3,2020,436.1,462.3,2703595
8/31/2020,Tuesday,September,Q3,2020,463.6,452.75,3649101
9/1/2020,Wednesday,September,Q3,2020,454.1,494.65,2408646
9/2/2020,Thursday,September,Q3,2020,508.95,544.1,3657589
9/3/2020,Friday,September,Q3,2020,562.95,571.3,509894
9/4/2020,Monday,September,Q3,2020,542.75,542.75,993049
9/7/2020,Tuesday,September,Q3,2020,530.05,553.1,2507330
9/8/2020,Wednesday,September,Q3,2020,560,564.4,1247351
9/9/2020,Thursday,September,Q3,2020,542.5,590.05,1658812
9/10/2020,Friday,September,Q3,2020,600,579.75,1717285
9/11/2020,Monday,September,Q3,2020,588,608.65,2739567
9/14/2020,Tuesday,September,Q3,2020,625,638.9,3811588
9/15/2020,Wednesday,September,Q3,2020,654,670.8,2815789
9/16/2020,Thursday,September,Q3,2020,692.9,675.55,3935789
9/17/2020,Friday,September,Q3,2020,670,666.75,706806
9/18/2020,Monday,September,Q3,2020,687.95,665.6,20106893
9/21/2020,Tuesday,September,Q3,2020,680.05,651.75,1095406
9/22/2020,Wednesday,September,Q3,2020,636,619.2,957140
9/23/2020,Thursday,September,Q3,2020,630,588.25,410104
9/24/2020,Friday,September,Q3,2020,558.85,616.95,2703433
9/25/2020,Monday,September,Q3,2020,647.75,647.75,253932
9/28/2020,Tuesday,September,Q3,2020,680.1,680.1,221961
9/29/2020,Wednesday,September,Q3,2020,714.1,714.1,204451
9/30/2020,Thursday,October,Q4,2020,749.8,737.6,2411057
10/1/2020,Monday,October,Q4,2020,754,747.1,890009
10/5/2020,Tuesday,October,Q4,2020,769.6,749.45,581244
10/6/2020,Wednesday,October,Q4,2020,749.5,735.9,558101
10/7/2020,Thursday,October,Q4,2020,720,699.3,1041856
10/8/2020,Friday,October,Q4,2020,698.5,696.15,733669
10/9/2020,Monday,October,Q4,2020,695.8,683.95,511431
10/12/2020,Tuesday,October,Q4,2020,683.95,671.55,625307
10/13/2020,Wednesday,October,Q4,2020,671,705.1,1069869
10/14/2020,Thursday,October,Q4,2020,719,725.45,1229449
10/15/2020,Friday,October,Q4,2020,730.7,704.25,736686
10/16/2020,Monday,October,Q4,2020,710,705.35,277648
10/19/2020,Tuesday,October,Q4,2020,711.2,702.8,312983
10/20/2020,Wednesday,October,Q4,2020,694.95,688.7,260962
10/21/2020,Thursday,October,Q4,2020,690,692.35,335318
10/22/2020,Friday,October,Q4,2020,685.5,726.95,864954
10/23/2020,Monday,October,Q4,2020,734.8,720.3,665517
10/26/2020,Tuesday,October,Q4,2020,720,704.7,271180
10/27/2020,Wednesday,October,Q4,2020,720.05,739.9,930052
10/28/2020,Thursday,October,Q4,2020,776.85,776.85,1869868
10/29/2020,Friday,October,Q4,2020,755,815.65,962440
10/30/2020,Monday,November,Q4,2020,834,856.4,2053374
11/2/2020,Tuesday,November,Q4,2020,860,859.2,2583066
11/3/2020,Wednesday,November,Q4,2020,881,830.4,1612967
11/4/2020,Thursday,November,Q4,2020,834.4,840.9,1373310
11/5/2020,Friday,November,Q4,2020,812.5,854.6,1581863
11/6/2020,Monday,November,Q4,2020,855,860,911015
11/9/2020,Tuesday,November,Q4,2020,879,899.35,1670461
11/10/2020,Wednesday,November,Q4,2020,914.95,854.85,1327147
11/11/2020,Thursday,November,Q4,2020,868,897.55,2287847
11/12/2020,Friday,November,Q4,2020,914,942.35,3622736
11/13/2020,Saturday,November,Q4,2020,949,989.35,4566982
11/14/2020,Tuesday,November,Q4,2020,1018,1008.6,578986
11/17/2020,Wednesday,November,Q4,2020,1028.95,1058.45,5333462
11/18/2020,Thursday,November,Q4,2020,1068.7,1080.95,3999840
11/19/2020,Friday,November,Q4,2020,1080.95,1083.5,3533747
11/20/2020,Monday,November,Q4,2020,1051,1134.55,5044065
11/23/2020,Tuesday,November,Q4,2020,1155,1180.3,3863685
11/24/2020,Wednesday,November,Q4,2020,1203.4,1205.15,4004468
11/25/2020,Thursday,November,Q4,2020,1205.15,1144.9,301443
11/26/2020,Friday,November,Q4,2020,1087.7,1104.45,3205678
11/27/2020,Tuesday,December,Q4,2020,1105,1136.4,45148093
12/1/2020,Wednesday,December,Q4,2020,1133.9,1134.7,2599117
12/2/2020,Thursday,December,Q4,2020,1140,1146,875255
12/3/2020,Friday,December,Q4,2020,1154,1145,592144
12/4/2020,Monday,December,Q4,2020,1150,1129.75,741720
12/7/2020,Tuesday,December,Q4,2020,1135,1106.25,1351024
12/8/2020,Wednesday,December,Q4,2020,1109,1098.65,998344
12/9/2020,Thursday,December,Q4,2020,1100,1070.1,1080870
12/10/2020,Friday,December,Q4,2020,1064.7,1036.7,568627
12/11/2020,Monday,December,Q4,2020,990.05,1041.5,1793445
12/14/2020,Tuesday,December,Q4,2020,1019,1010.8,921358
12/15/2020,Wednesday,December,Q4,2020,1009,1013.65,754880
12/16/2020,Thursday,December,Q4,2020,1019.75,1019.4,451443
12/17/2020,Friday,December,Q4,2020,1023.9,1041.55,686579
12/18/2020,Monday,December,Q4,2020,1058.4,1016.15,1037435
12/21/2020,Tuesday,December,Q4,2020,1004.8,1020.3,999121
12/22/2020,Wednesday,December,Q4,2020,992,1029.9,637121
12/23/2020,Thursday,December,Q4,2020,1035,1044.95,684864
12/24/2020,Monday,December,Q4,2020,1058,1036.2,406594
12/28/2020,Tuesday,December,Q4,2020,1036.2,1038,425292
12/29/2020,Wednesday,December,Q4,2020,1040,1038.7,349607
12/30/2020,Thursday,December,Q4,2020,1039.9,1052.95,374589
12/31/2020,Friday,January,Q1,2021,1070,1052.6,980110
1/1/2021,Monday,January,Q1,2021,1079.9,1065.95,297560
1/4/2021,Tuesday,January,Q1,2021,1088.4,1082.25,360776
1/5/2021,Wednesday,January,Q1,2021,1070.2,1096.45,526896
1/6/2021,Thursday,January,Q1,2021,1100,1107.25,427847
1/7/2021,Friday,January,Q1,2021,1113.7,1063.1,1285732
1/8/2021,Monday,January,Q1,2021,1071,1014.9,1646213
1/11/2021,Tuesday,January,Q1,2021,1020.95,968.3,1303510
1/12/2021,Wednesday,January,Q1,2021,980,924.15,1578700
1/13/2021,Thursday,January,Q1,2021,930,922.15,985028
1/14/2021,Friday,January,Q1,2021,925.95,968.25,1514658
1/15/2021,Monday,January,Q1,2021,1016.65,947.75,2143296
1/18/2021,Tuesday,January,Q1,2021,945,949.75,1294049
1/19/2021,Wednesday,January,Q1,2021,978.85,992.85,849095
1/20/2021,Thursday,January,Q1,2021,994.65,1020.15,1055316
1/21/2021,Friday,January,Q1,2021,1021.75,1048.8,902543
1/22/2021,Monday,January,Q1,2021,1047.8,1047.85,651810
1/25/2021,Wednesday,January,Q1,2021,1055,1031.1,528369
1/27/2021,Thursday,January,Q1,2021,1030.2,1028.55,510466
1/28/2021,Friday,January,Q1,2021,1016.5,1032.9,273105
1/29/2021,Monday,February,Q1,2021,1035.6,1004.9,1497461
2/1/2021,Tuesday,February,Q1,2021,1018,1024.25,535861
2/2/2021,Wednesday,February,Q1,2021,1033.5,1031.95,353217
2/3/2021,Thursday,February,Q1,2021,1041.25,1026.7,397320
2/4/2021,Friday,February,Q1,2021,1047.95,1078,1089299
2/5/2021,Monday,February,Q1,2021,1101,1077.15,692820
2/8/2021,Tuesday,February,Q1,2021,1070,1063.45,431477
2/9/2021,Wednesday,February,Q1,2021,1068,1086.05,3536318
2/10/2021,Thursday,February,Q1,2021,1076,1080.45,4856552
2/11/2021,Friday,February,Q1,2021,1080,1074.6,4503787
2/12/2021,Monday,February,Q1,2021,1064.95,1068.95,4532486
2/15/2021,Tuesday,February,Q1,2021,1068,1062.85,4525422
2/16/2021,Wednesday,February,Q1,2021,1050,1078.3,5182242
2/17/2021,Thursday,February,Q1,2021,1085,1104.25,6145401
2/18/2021,Friday,February,Q1,2021,1100,1109.5,5456103
2/19/2021,Monday,February,Q1,2021,1109.8,1117.7,1004331
2/22/2021,Tuesday,February,Q1,2021,1103,1141.45,956638
2/23/2021,Wednesday,February,Q1,2021,1161.2,1196.2,5405934
2/24/2021,Thursday,February,Q1,2021,1209.7,1169.35,494155
2/25/2021,Friday,February,Q1,2021,1174.6,1128.55,678592
2/26/2021,Monday,March,Q1,2021,1125,1159.85,6662742
3/1/2021,Tuesday,March,Q1,2021,1170,1141,448402
3/2/2021,Wednesday,March,Q1,2021,1155,1164.85,521226
3/3/2021,Thursday,March,Q1,2021,1178.9,1176.3,494659
3/4/2021,Friday,March,Q1,2021,1176,1184.65,641914
3/5/2021,Monday,March,Q1,2021,1178.9,1172.75,595718
3/8/2021,Tuesday,March,Q1,2021,1178,1171.6,267891
3/9/2021,Wednesday,March,Q1,2021,1179.95,1166.2,332177
3/10/2021,Friday,March,Q1,2021,1165.5,1185.65,483563
3/12/2021,Monday,March,Q1,2021,1200,1160.6,296923
3/15/2021,Tuesday,March,Q1,2021,1179,1193.1,453478
3/16/2021,Wednesday,March,Q1,2021,1209.9,1219.8,648757
3/17/2021,Thursday,March,Q1,2021,1229.85,1164.3,407312
3/18/2021,Friday,March,Q1,2021,1179.4,1135.85,269255
3/19/2021,Monday,March,Q1,2021,1129.9,1192.6,622620
3/22/2021,Tuesday,March,Q1,2021,1252.2,1252.2,382028
3/23/2021,Wednesday,March,Q1,2021,1309,1313.65,2252589
3/24/2021,Thursday,March,Q1,2021,1297.2,1291.35,1159456
3/25/2021,Friday,March,Q1,2021,1300,1226.8,436451
3/26/2021,Tuesday,March,Q1,2021,1215,1212.35,436902
3/30/2021,Wednesday,March,Q1,2021,1216.05,1157.65,737543
3/31/2021,Thursday,April,Q2,2021,1157.65,1104.85,779163
4/1/2021,Monday,April,Q2,2021,1104.9,1160.05,523216
4/5/2021,Tuesday,April,Q2,2021,1165,1164.2,822644
4/6/2021,Wednesday,April,Q2,2021,1175.9,1194.45,574032
4/7/2021,Thursday,April,Q2,2021,1215,1196.2,572004
4/8/2021,Friday,April,Q2,2021,1177,1165.5,462142
4/9/2021,Monday,April,Q2,2021,1179.8,1142.75,526463
4/12/2021,Tuesday,April,Q2,2021,1129.95,1085.65,313902
4/13/2021,Thursday,April,Q2,2021,1085.4,1116.05,888788
4/15/2021,Friday,April,Q2,2021,1115.95,1122.7,786223
4/16/2021,Monday,April,Q2,2021,1122.7,1108.6,494736
4/19/2021,Tuesday,April,Q2,2021,1088,1056.35,563766
4/20/2021,Thursday,April,Q2,2021,1060,1043.95,477549
4/22/2021,Friday,April,Q2,2021,1043.95,1030.45,434346
4/23/2021,Monday,April,Q2,2021,1027,1052.4,363924
4/26/2021,Tuesday,April,Q2,2021,1060.35,1049.25,226465
4/27/2021,Wednesday,April,Q2,2021,1064,1054.6,204814
4/28/2021,Thursday,April,Q2,2021,1065,1054.7,273943
4/29/2021,Friday,April,Q2,2021,1060,1055.75,218774
4/30/2021,Monday,May,Q2,2021,1040.9,1018.95,466631
5/3/2021,Tuesday,May,Q2,2021,1015,1036.5,324742
5/4/2021,Wednesday,May,Q2,2021,1050,1045.1,256463
5/5/2021,Thursday,May,Q2,2021,1059,1064.55,446011
5/6/2021,Friday,May,Q2,2021,1083.95,1099.6,762063
5/7/2021,Monday,May,Q2,2021,1120,1102.9,784571
5/10/2021,Tuesday,May,Q2,2021,1110,1102.85,336905
5/11/2021,Wednesday,May,Q2,2021,1094,1077.95,344008
5/12/2021,Friday,May,Q2,2021,1077,1049.8,369512
5/14/2021,Monday,May,Q2,2021,1069,1088.05,681045
5/17/2021,Tuesday,May,Q2,2021,1142.45,1142.45,268800
5/18/2021,Wednesday,May,Q2,2021,1199.55,1198.75,825222
5/19/2021,Thursday,May,Q2,2021,1244,1243.65,2581312
5/20/2021,Friday,May,Q2,2021,1274,1268.85,1235091
5/21/2021,Monday,May,Q2,2021,1285,1299.2,1145075
5/24/2021,Tuesday,May,Q2,2021,1317,1360.95,1906731
5/25/2021,Wednesday,May,Q2,2021,1390,1314.25,1212221
5/26/2021,Thursday,May,Q2,2021,1325,1264.6,1022936
5/27/2021,Friday,May,Q2,2021,1289.7,1266.6,2431113
5/28/2021,Monday,May,Q2,2021,1273,1238.95,747224
5/31/2021,Tuesday,June,Q2,2021,1260,1268.2,405540
6/1/2021,Wednesday,June,Q2,2021,1270,1271.05,664012
6/2/2021,Thursday,June,Q2,2021,1275,1299.8,1381899
6/3/2021,Friday,June,Q2,2021,1323,1286.9,1190736
6/4/2021,Monday,June,Q2,2021,1305.2,1277.25,842516
6/7/2021,Tuesday,June,Q2,2021,1294.4,1264.85,647083
6/8/2021,Wednesday,June,Q2,2021,1278,1267.55,678122
6/9/2021,Thursday,June,Q2,2021,1270,1239.15,300531
6/10/2021,Friday,June,Q2,2021,1250,1233.5,1367276
6/11/2021,Monday,June,Q2,2021,1233,1217.7,1903191
6/14/2021,Tuesday,June,Q2,2021,1156.85,1212.9,2000802
6/15/2021,Wednesday,June,Q2,2021,1222,1212.2,1994140
6/16/2021,Thursday,June,Q2,2021,1171.05,1182.75,1781769
6/17/2021,Friday,June,Q2,2021,1123.65,1123.65,1709482
6/18/2021,Monday,June,Q2,2021,1067.5,1067.55,1227389
6/21/2021,Tuesday,June,Q2,2021,1014.2,1120.9,2046583
6/22/2021,Wednesday,June,Q2,2021,1150,1167.4,2492565
6/23/2021,Thursday,June,Q2,2021,1178,1166.15,1221164
6/24/2021,Friday,June,Q2,2021,1125,1139.7,1653777
6/25/2021,Monday,June,Q2,2021,1116.95,1167.25,1964847
6/28/2021,Tuesday,June,Q2,2021,1167.25,1119.85,1892105
6/29/2021,Wednesday,June,Q2,2021,1120,1126.3,1995959
6/30/2021,Thursday,July,Q3,2021,1120,1124.9,1856503
7/1/2021,Friday,July,Q3,2021,1124.9,1068.7,231561
7/2/2021,Monday,July,Q3,2021,1015.3,1015.3,151999
7/5/2021,Tuesday,July,Q3,2021,966,964.55,163265
7/6/2021,Wednesday,July,Q3,2021,916.35,1012.75,342899
7/7/2021,Thursday,July,Q3,2021,1011,1017.05,247291
7/8/2021,Friday,July,Q3,2021,1027,1028.65,166271
7/9/2021,Monday,July,Q3,2021,1025,1019.4,91944
7/12/2021,Tuesday,July,Q3,2021,1002.35,1004.2,61803
7/13/2021,Wednesday,July,Q3,2021,1014,989.2,109696
7/14/2021,Thursday,July,Q3,2021,1009,979.7,422385
7/15/2021,Friday,July,Q3,2021,975,995.8,125826
7/16/2021,Monday,July,Q3,2021,996,1008.65,235508
7/19/2021,Tuesday,July,Q3,2021,1008,979.15,114607
7/20/2021,Thursday,July,Q3,2021,930.2,945.1,211121
7/22/2021,Friday,July,Q3,2021,920,988.25,296802
7/23/2021,Monday,July,Q3,2021,989,980.25,79379
7/26/2021,Tuesday,July,Q3,2021,975,942.2,95733
7/27/2021,Wednesday,July,Q3,2021,942.2,914.45,110537
7/28/2021,Thursday,July,Q3,2021,915.5,945.65,163911
7/29/2021,Friday,July,Q3,2021,950.75,924.3,95929
7/30/2021,Monday,August,Q3,2021,930.85,882.3,238191
8/2/2021,Tuesday,August,Q3,2021,882.4,876.15,1113774
8/3/2021,Wednesday,August,Q3,2021,888,890.9,1372522
8/4/2021,Thursday,August,Q3,2021,905,898.15,1317233
8/5/2021,Friday,August,Q3,2021,910,889.65,1447231
8/6/2021,Monday,August,Q3,2021,892,910.55,1079251
8/9/2021,Tuesday,August,Q3,2021,913,906.55,1809323
8/10/2021,Wednesday,August,Q3,2021,915,908.4,2775029
8/11/2021,Thursday,August,Q3,2021,908.4,901.5,2606211
8/12/2021,Friday,August,Q3,2021,890,913.7,2615374
8/13/2021,Monday,August,Q3,2021,902.05,919.1,2478660
8/16/2021,Tuesday,August,Q3,2021,919,925.25,2532972
8/17/2021,Wednesday,August,Q3,2021,927,936.85,2111296
8/18/2021,Friday,August,Q3,2021,950,942.5,2934048
8/20/2021,Monday,August,Q3,2021,938.95,935.85,2465015
8/23/2021,Tuesday,August,Q3,2021,935,933.65,2179201
8/24/2021,Wednesday,August,Q3,2021,936,949.7,2838887
8/25/2021,Thursday,August,Q3,2021,954,997.15,2263117
8/26/2021,Friday,August,Q3,2021,1040,1046.45,1686596
8/27/2021,Monday,August,Q3,2021,1050,1049.1,2132213
8/30/2021,Tuesday,August,Q3,2021,1040,1060.35,2426934
8/31/2021,Wednesday,September,Q3,2021,1053.95,1068.35,2737522
9/1/2021,Thursday,September,Q3,2021,1075,1079.8,1520928
9/2/2021,Friday,September,Q3,2021,1060,1085.35,1483278
9/3/2021,Monday,September,Q3,2021,1097,1081.35,1093470
9/6/2021,Tuesday,September,Q3,2021,1099,1112.75,674863
9/7/2021,Wednesday,September,Q3,2021,1120,1110.05,244582
9/8/2021,Thursday,September,Q3,2021,1091.55,1158.3,742832
9/9/2021,Monday,September,Q3,2021,1170,1215.95,582097
9/13/2021,Tuesday,September,Q3,2021,1215,1185.2,713024
9/14/2021,Wednesday,September,Q3,2021,1189,1149.4,903673
9/15/2021,Thursday,September,Q3,2021,1160.5,1126.95,568745
9/16/2021,Friday,September,Q3,2021,1137,1169.65,581390
9/17/2021,Monday,September,Q3,2021,1184,1153.25,821213
9/20/2021,Tuesday,September,Q3,2021,1145.95,1131.15,1781350
9/21/2021,Wednesday,September,Q3,2021,1115,1120.7,1798120
9/22/2021,Thursday,September,Q3,2021,1147.4,1141.55,2248068
9/23/2021,Friday,September,Q3,2021,1150,1149.2,2615150
9/24/2021,Monday,September,Q3,2021,1149.2,1151.8,3334805
9/27/2021,Tuesday,September,Q3,2021,1157,1153.45,3249556
9/28/2021,Wednesday,September,Q3,2021,1158,1144.5,3469774
9/29/2021,Thursday,September,Q3,2021,1130,1138.65,3694509
9/30/2021,Friday,October,Q4,2021,1139,1146.6,1551279
10/1/2021,Monday,October,Q4,2021,1147.95,1151.05,447943
10/4/2021,Tuesday,October,Q4,2021,1161,1176.1,278908
10/5/2021,Wednesday,October,Q4,2021,1203,1222.2,583547
10/6/2021,Thursday,October,Q4,2021,1231.9,1214.6,375503
10/7/2021,Friday,October,Q4,2021,1225,1205.65,179544
10/8/2021,Monday,October,Q4,2021,1219.8,1176.55,174740
10/11/2021,Tuesday,October,Q4,2021,1199.3,1162.1,181216
10/12/2021,Wednesday,October,Q4,2021,1185,1208.35,418421
10/13/2021,Thursday,October,Q4,2021,1208.35,1193.5,265060
10/14/2021,Monday,October,Q4,2021,1203,1206.55,250393
10/18/2021,Tuesday,October,Q4,2021,1221,1203.65,254046
10/19/2021,Wednesday,October,Q4,2021,1210,1181.35,176429
10/20/2021,Thursday,October,Q4,2021,1195,1179.15,241623
10/21/2021,Friday,October,Q4,2021,1190,1198.95,271740
10/22/2021,Monday,October,Q4,2021,1200.9,1202.15,301252
10/25/2021,Tuesday,October,Q4,2021,1212,1202.4,218738
10/26/2021,Wednesday,October,Q4,2021,1188,1179.95,138432
10/27/2021,Thursday,October,Q4,2021,1190,1206.1,381133
10/28/2021,Friday,October,Q4,2021,1204.5,1147.15,314777
10/29/2021,Monday,November,Q4,2021,1155,1152.85,364243
11/1/2021,Tuesday,November,Q4,2021,1155,1172.35,1215021
11/2/2021,Wednesday,November,Q4,2021,1178,1174.25,1638199
11/3/2021,Thursday,November,Q4,2021,1175,1204.5,1848796
11/4/2021,Monday,November,Q4,2021,1215,1200.4,37041
11/8/2021,Tuesday,November,Q4,2021,1224.35,1226,1615093
11/9/2021,Wednesday,November,Q4,2021,1215,1230.8,2220381
11/10/2021,Thursday,November,Q4,2021,1223,1228.85,1819508
11/11/2021,Friday,November,Q4,2021,1231.95,1230.8,1536247
11/12/2021,Monday,November,Q4,2021,1248,1292.3,1685194
11/15/2021,Tuesday,November,Q4,2021,1330,1305.05,1955088
11/16/2021,Wednesday,November,Q4,2021,1314,1314.35,2043814
11/17/2021,Thursday,November,Q4,2021,1305,1313.5,2180190
11/18/2021,Monday,November,Q4,2021,1299.8,1345.75,2032876
11/22/2021,Tuesday,November,Q4,2021,1358,1340.95,2725159
11/23/2021,Wednesday,November,Q4,2021,1329.45,1407.05,3017882
11/24/2021,Thursday,November,Q4,2021,1420,1391.35,3007303
11/25/2021,Friday,November,Q4,2021,1394.8,1405.05,1430455
11/26/2021,Monday,November,Q4,2021,1371.05,1372.55,1609398
11/29/2021,Tuesday,November,Q4,2021,1346,1352.75,424967
11/30/2021,Wednesday,December,Q4,2021,1349,1295.4,1651907
12/1/2021,Thursday,December,Q4,2021,1235,1328.6,1225618
12/2/2021,Friday,December,Q4,2021,1338,1341.6,454785
12/3/2021,Monday,December,Q4,2021,1349.45,1389.65,921744
12/6/2021,Tuesday,December,Q4,2021,1398.3,1378.7,516587
12/7/2021,Wednesday,December,Q4,2021,1398,1389.7,796718
12/8/2021,Thursday,December,Q4,2021,1368.05,1390.5,727977
12/9/2021,Friday,December,Q4,2021,1400,1390.1,668010
12/10/2021,Monday,December,Q4,2021,1395,1388.9,757777
12/13/2021,Tuesday,December,Q4,2021,1430,1385.95,1184987
12/14/2021,Wednesday,December,Q4,2021,1388,1436.35,949575
12/15/2021,Thursday,December,Q4,2021,1450,1439.25,457324
12/16/2021,Friday,December,Q4,2021,1458,1402.25,508315
12/17/2021,Monday,December,Q4,2021,1405,1413.25,1210610
12/20/2021,Tuesday,December,Q4,2021,1410,1369.5,608784
12/21/2021,Wednesday,December,Q4,2021,1385,1383.15,653263
12/22/2021,Thursday,December,Q4,2021,1396.1,1403.1,663073
12/23/2021,Friday,December,Q4,2021,1424,1422.05,380538
12/24/2021,Monday,December,Q4,2021,1425,1385.4,674141
12/27/2021,Tuesday,December,Q4,2021,1388.9,1375.5,443450
12/28/2021,Wednesday,December,Q4,2021,1386,1398.8,525392
12/29/2021,Thursday,December,Q4,2021,1398.5,1392.65,304195
12/30/2021,Friday,December,Q4,2021,1385.05,1311.05,866537
12/31/2021,Monday,January,Q1,2022,1325.1,1330.25,235438
1/3/2022,Tuesday,January,Q1,2022,1340,1346.9,130549
1/4/2022,Wednesday,January,Q1,2022,1357,1366.7,192988
1/5/2022,Thursday,January,Q1,2022,1366.7,1399.65,394705
1/6/2022,Friday,January,Q1,2022,1400,1409.8,212678
1/7/2022,Monday,January,Q1,2022,1427.8,1423.1,285809
1/10/2022,Tuesday,January,Q1,2022,1405,1438.9,275337
1/11/2022,Wednesday,January,Q1,2022,1448,1567.95,1351146
1/12/2022,Thursday,January,Q1,2022,1599,1647.55,2070560
1/13/2022,Friday,January,Q1,2022,1650,1661.8,940202
1/14/2022,Monday,January,Q1,2022,1657,1697.95,656706
1/17/2022,Tuesday,January,Q1,2022,1706.45,1835.3,1670969
1/18/2022,Wednesday,January,Q1,2022,1850,1900.1,1797857
1/19/2022,Thursday,January,Q1,2022,1930,1938.45,1100995
1/20/2022,Friday,January,Q1,2022,1948.15,1966.7,644709
1/21/2022,Monday,January,Q1,2022,1973,1934.55,827055
1/24/2022,Tuesday,January,Q1,2022,1946.25,1837.85,449371
1/25/2022,Thursday,January,Q1,2022,1782.7,1929,620114
1/27/2022,Friday,January,Q1,2022,1900,1910.25,379757
1/28/2022,Monday,January,Q1,2022,1945,1938.4,352835
1/31/2022,Tuesday,February,Q1,2022,1957,1877.85,297221
2/1/2022,Wednesday,February,Q1,2022,1928,1904,492309
2/2/2022,Thursday,February,Q1,2022,1919.2,1916.3,258926
2/3/2022,Friday,February,Q1,2022,1915,1912.55,242268
2/4/2022,Monday,February,Q1,2022,1912.55,1950.35,296479
2/7/2022,Tuesday,February,Q1,2022,1970,2024.65,470440
2/8/2022,Wednesday,February,Q1,2022,2035,1928,561637
2/9/2022,Thursday,February,Q1,2022,1932.2,1919.8,348096
2/10/2022,Friday,February,Q1,2022,1929,1907.95,555955
2/11/2022,Monday,February,Q1,2022,1915.6,1907.6,397431
2/14/2022,Tuesday,February,Q1,2022,1875,1862.15,402089
2/15/2022,Wednesday,February,Q1,2022,1852.5,1889.5,410317
2/16/2022,Thursday,February,Q1,2022,1915,1931.75,659937
2/17/2022,Friday,February,Q1,2022,1950,2047.6,1665839
2/18/2022,Monday,February,Q1,2022,2060,2041.85,1134090
2/21/2022,Tuesday,February,Q1,2022,2041,1955.9,466499
2/22/2022,Wednesday,February,Q1,2022,1850,1971.95,1159269
2/23/2022,Thursday,February,Q1,2022,1982,1987.35,770250
2/24/2022,Friday,February,Q1,2022,1899,1849.75,1036033
2/25/2022,Monday,February,Q1,2022,1875,1923.5,644994
2/28/2022,Wednesday,March,Q1,2022,1899.9,1843.4,1899148
3/2/2022,Thursday,March,Q1,2022,1806,1882.55,977410
3/3/2022,Friday,March,Q1,2022,1930,1950.9,1175563
3/4/2022,Monday,March,Q1,2022,1947.9,1894.3,646859
3/7/2022,Tuesday,March,Q1,2022,1850,1803.75,636784
3/8/2022,Wednesday,March,Q1,2022,1849.65,1783.95,844346
3/9/2022,Thursday,March,Q1,2022,1825,1828.75,525645
3/10/2022,Friday,March,Q1,2022,1864.7,1881.85,657959
3/11/2022,Monday,March,Q1,2022,1897.9,1860.05,382512
3/14/2022,Tuesday,March,Q1,2022,1860.05,1822.4,362116
3/15/2022,Wednesday,March,Q1,2022,1840.7,1798.75,396469
3/16/2022,Thursday,March,Q1,2022,1835,1833.65,315891
3/17/2022,Monday,March,Q1,2022,1870,1901.2,1137281
3/21/2022,Tuesday,March,Q1,2022,1939.8,1876.05,546502
3/22/2022,Wednesday,March,Q1,2022,1860,1877.45,337757
3/23/2022,Thursday,March,Q1,2022,1884.4,1921.4,834792
3/24/2022,Friday,March,Q1,2022,1887,1911.4,477913
3/25/2022,Monday,March,Q1,2022,1928.5,1921.25,579479
3/28/2022,Tuesday,March,Q1,2022,1932.95,1930.85,746161
3/29/2022,Wednesday,March,Q1,2022,1935.2,1923.3,481913
3/30/2022,Thursday,March,Q1,2022,1936,1857.15,2316424
3/31/2022,Friday,April,Q2,2022,1890,1914.7,1144220
4/1/2022,Monday,April,Q2,2022,1935.55,1945.1,1015269
4/4/2022,Tuesday,April,Q2,2022,1978,2110.45,1898588
4/5/2022,Wednesday,April,Q2,2022,2152.7,2189.8,2206673
4/6/2022,Thursday,April,Q2,2022,2210,2197.4,1558568
4/7/2022,Friday,April,Q2,2022,2218,2166,2665993
4/8/2022,Monday,April,Q2,2022,2230,2321.85,2497727
4/11/2022,Tuesday,April,Q2,2022,2415,2665.15,4757168
4/12/2022,Wednesday,April,Q2,2022,2840,2792.4,7836658
4/13/2022,Monday,April,Q2,2022,2880,2864.3,2316844
4/18/2022,Tuesday,April,Q2,2022,2850,2970.5,2419364
4/19/2022,Wednesday,April,Q2,2022,3035,2911.95,2529522
4/20/2022,Thursday,April,Q2,2022,2966.55,2810.85,1065499
4/21/2022,Friday,April,Q2,2022,2859,2811.5,1122487
4/22/2022,Monday,April,Q2,2022,2830,2882.8,7604326
4/25/2022,Tuesday,April,Q2,2022,2825.15,2824,682910
4/26/2022,Wednesday,April,Q2,2022,2861,2952.45,1401444
4/27/2022,Thursday,April,Q2,2022,2955,2841.65,982473
4/28/2022,Friday,April,Q2,2022,2897.8,2912.2,887135
4/29/2022,Monday,May,Q2,2022,2935,2882.8,1101232
5/2/2022,Wednesday,May,Q2,2022,2860,2830.35,374592
5/4/2022,Thursday,May,Q2,2022,2800,2671.35,862120
5/5/2022,Friday,May,Q2,2022,2744,2845.9,865154
5/6/2022,Monday,May,Q2,2022,2813.9,2874.8,910667
5/9/2022,Tuesday,May,Q2,2022,2805.1,2706.4,581855
5/10/2022,Wednesday,May,Q2,2022,2696,2486.7,818487
5/11/2022,Thursday,May,Q2,2022,2535,2648.05,1287498
5/12/2022,Friday,May,Q2,2022,2700,2436.8,890166
5/13/2022,Monday,May,Q2,2022,2436,2171.55,1722448
5/16/2022,Tuesday,May,Q2,2022,2234,2281.7,1085417
5/17/2022,Wednesday,May,Q2,2022,2356,2285.8,966040
5/18/2022,Thursday,May,Q2,2022,2332,2396.1,1603590
5/19/2022,Friday,May,Q2,2022,2315,2317.5,698975
5/20/2022,Monday,May,Q2,2022,2388,2273.65,1325446
5/23/2022,Tuesday,May,Q2,2022,2299,2248.35,633157
5/24/2022,Wednesday,May,Q2,2022,2269,2136.3,868519
5/25/2022,Thursday,May,Q2,2022,2171,2187.35,1366317
5/26/2022,Friday,May,Q2,2022,2212,2164,1651419
5/27/2022,Monday,May,Q2,2022,2217,2166.45,664373
5/30/2022,Tuesday,May,Q2,2022,2189,2151.65,750092
5/31/2022,Wednesday,June,Q2,2022,2140,1888.95,14897503
6/1/2022,Thursday,June,Q2,2022,1828.95,1848.4,4813035
6/2/2022,Friday,June,Q2,2022,1825,1925.8,4258034
6/3/2022,Monday,June,Q2,2022,1960.8,1855.9,3557798
6/6/2022,Tuesday,June,Q2,2022,1853,1802.35,1727155
6/7/2022,Wednesday,June,Q2,2022,1804,1829.25,2860643
6/8/2022,Thursday,June,Q2,2022,1848.7,1801.9,1569422
6/9/2022,Friday,June,Q2,2022,1809,1812.65,1426447
6/10/2022,Monday,June,Q2,2022,1796,1757.6,1957093
6/13/2022,Tuesday,June,Q2,2022,1728.75,1798.7,2486948
6/14/2022,Wednesday,June,Q2,2022,1790,1788.75,1561899
6/15/2022,Thursday,June,Q2,2022,1819.8,1757.85,1493285
6/16/2022,Friday,June,Q2,2022,1787,1711.1,2137604
6/17/2022,Monday,June,Q2,2022,1681,1711.25,2595892
6/20/2022,Tuesday,June,Q2,2022,1708.3,1743.65,1562891
6/21/2022,Wednesday,June,Q2,2022,1760,1809.1,1280817
6/22/2022,Thursday,June,Q2,2022,1779.1,1736.1,1277913
6/23/2022,Friday,June,Q2,2022,1750,1796.75,1485891
6/24/2022,Monday,June,Q2,2022,1810,1857.6,1722411
6/27/2022,Tuesday,June,Q2,2022,1880,1917.65,1251839
6/28/2022,Wednesday,June,Q2,2022,1909,1909.85,959332
6/29/2022,Thursday,June,Q2,2022,1880.05,1901.7,1235652
6/30/2022,Friday,July,Q3,2022,1908,1929.6,1117021
7/1/2022,Monday,July,Q3,2022,1928,1963.65,1206875
7/4/2022,Tuesday,July,Q3,2022,1979.7,1883.6,1093460
7/5/2022,Wednesday,July,Q3,2022,1915,1876.4,651046
7/6/2022,Thursday,July,Q3,2022,1876,1903.7,497249
7/7/2022,Friday,July,Q3,2022,1920.2,1909.7,364922
7/8/2022,Monday,July,Q3,2022,1926.7,1921,392347
7/11/2022,Tuesday,July,Q3,2022,1918.5,2207.35,7833061
7/12/2022,Wednesday,July,Q3,2022,2229.95,2294.75,8095252
7/13/2022,Thursday,July,Q3,2022,2328,2104.75,6661674
7/14/2022,Friday,July,Q3,2022,2160,2087,8953549
7/15/2022,Monday,July,Q3,2022,2115.05,2072.65,16301850
7/18/2022,Tuesday,July,Q3,2022,2104.7,2093.25,3663774
7/19/2022,Wednesday,July,Q3,2022,2074,2109,2034492
7/20/2022,Thursday,July,Q3,2022,2134.85,2084.3,1925776
7/21/2022,Friday,July,Q3,2022,2091,2109.75,1538537
7/22/2022,Monday,July,Q3,2022,2125,2120.45,1403033
7/25/2022,Tuesday,July,Q3,2022,2124.85,2137.6,1166283
7/26/2022,Wednesday,July,Q3,2022,2144,2103.65,1105230
7/27/2022,Thursday,July,Q3,2022,2105,2099.2,854297
7/28/2022,Friday,July,Q3,2022,2117,2143.95,1108183
7/29/2022,Monday,August,Q3,2022,2155.1,2174.7,1608323
8/1/2022,Tuesday,August,Q3,2022,2190,2273.7,2239475
8/2/2022,Wednesday,August,Q3,2022,2285.1,2296.15,1655242
8/3/2022,Thursday,August,Q3,2022,2300,2204.6,2307959
8/4/2022,Friday,August,Q3,2022,2234.75,2190.95,2039481
8/5/2022,Monday,August,Q3,2022,2201.65,2106.2,1719376
8/8/2022,Wednesday,August,Q3,2022,2108.5,2165.2,1151202
8/10/2022,Thursday,August,Q3,2022,2184.9,2164.95,907527
8/11/2022,Friday,August,Q3,2022,2180,2164.9,782241
8/12/2022,Tuesday,August,Q3,2022,2170,2176,519745
8/16/2022,Wednesday,August,Q3,2022,2188.85,2218.2,1240364
8/17/2022,Thursday,August,Q3,2022,2223.3,2227.05,1118867
8/18/2022,Friday,August,Q3,2022,2227.7,2296.35,2878895
8/19/2022,Monday,August,Q3,2022,2315,2411.35,7397150
8/22/2022,Tuesday,August,Q3,2022,2450,2519.75,4743410
8/23/2022,Wednesday,August,Q3,2022,2547,2412.9,5363755
8/24/2022,Thursday,August,Q3,2022,2412,2358.85,3600804
8/25/2022,Friday,August,Q3,2022,2358,2368.3,2609271
8/26/2022,Monday,August,Q3,2022,2392,2392.75,1385038
8/29/2022,Tuesday,August,Q3,2022,2300,2337.85,1378247
8/30/2022,Thursday,September,Q3,2022,2372.45,2436.2,3234492
9/1/2022,Friday,September,Q3,2022,2431.5,2393.1,1178816
9/2/2022,Monday,September,Q3,2022,2424.85,2383.1,1470217
9/5/2022,Tuesday,September,Q3,2022,2402.5,2353.8,962996
9/6/2022,Wednesday,September,Q3,2022,2379.9,2374.9,1124530
9/7/2022,Thursday,September,Q3,2022,2372.5,2346.95,1318939
9/8/2022,Friday,September,Q3,2022,2370,2334.05,983638
9/9/2022,Monday,September,Q3,2022,2368,2315.9,1264789
9/12/2022,Tuesday,September,Q3,2022,2331,2355.95,947489
9/13/2022,Wednesday,September,Q3,2022,2387.85,2335.65,929989
9/14/2022,Thursday,September,Q3,2022,2200,2293.6,1342814
9/15/2022,Friday,September,Q3,2022,2315,2343.9,1883386
9/16/2022,Monday,September,Q3,2022,2333,2316.6,2122791
9/19/2022,Tuesday,September,Q3,2022,2326,2346.35,2109109
9/20/2022,Wednesday,September,Q3,2022,2370.4,2399.95,3222826
9/21/2022,Thursday,September,Q3,2022,2409.7,2362.8,2727517
9/22/2022,Friday,September,Q3,2022,2369.9,2363.6,1760549
9/23/2022,Monday,September,Q3,2022,2364,2323.85,1562228
9/26/2022,Tuesday,September,Q3,2022,2299.8,2210.35,1865096
9/27/2022,Wednesday,September,Q3,2022,2230.95,2146.3,855872
9/28/2022,Thursday,September,Q3,2022,2114,2051.05,1112288
9/29/2022,Friday,September,Q3,2022,2103.85,2004.05,1909893
9/30/2022,Monday,October,Q4,2022,2003.9,2260.8,5911038
10/3/2022,Tuesday,October,Q4,2022,2263.85,2074.05,3136977
10/4/2022,Thursday,October,Q4,2022,2154,2134.2,3959850
10/6/2022,Friday,October,Q4,2022,2162.95,2201.7,2419573
10/7/2022,Monday,October,Q4,2022,2209,2204.15,1190454
10/10/2022,Tuesday,October,Q4,2022,2184.2,2155.9,905480
10/11/2022,Wednesday,October,Q4,2022,2190,2128.8,1352289
10/12/2022,Thursday,October,Q4,2022,2147.8,2099.1,1256878
10/13/2022,Friday,October,Q4,2022,2115,2083.35,735633
10/14/2022,Monday,October,Q4,2022,2154.95,2033.15,949504
10/17/2022,Tuesday,October,Q4,2022,2044.1,2154.45,2910329
10/18/2022,Wednesday,October,Q4,2022,2184.4,2153.75,2404969
10/19/2022,Thursday,October,Q4,2022,2169,2119.8,1373248
10/20/2022,Friday,October,Q4,2022,2101,2138.9,1003651
10/21/2022,Monday,October,Q4,2022,2149.6,2105.3,5902738
10/24/2022,Tuesday,October,Q4,2022,2130,2121.25,120561
10/25/2022,Thursday,October,Q4,2022,2129.9,2079.9,960922
10/27/2022,Friday,October,Q4,2022,2097.15,2117.6,1265324
10/28/2022,Monday,October,Q4,2022,2123,2098.55,879806
10/31/2022,Tuesday,November,Q4,2022,2109.05,2102.9,854149
11/1/2022,Wednesday,November,Q4,2022,2108,2121.25,1112667
11/2/2022,Thursday,November,Q4,2022,2129,2137.05,912280
11/3/2022,Friday,November,Q4,2022,2127.05,2106.7,709541
11/4/2022,Monday,November,Q4,2022,2106.7,2121.25,777118
11/7/2022,Wednesday,November,Q4,2022,2127,2165.7,1094562
11/9/2022,Thursday,November,Q4,2022,2174,2215.5,1739571
11/10/2022,Friday,November,Q4,2022,2225,2176,746766
11/11/2022,Monday,November,Q4,2022,2207,2196.7,770505
11/14/2022,Tuesday,November,Q4,2022,2200,2178.55,628699
11/15/2022,Wednesday,November,Q4,2022,2185,2196.95,603539
11/16/2022,Thursday,November,Q4,2022,2197,2110.15,983542
11/17/2022,Friday,November,Q4,2022,2117.65,2102.6,594680
11/18/2022,Monday,November,Q4,2022,2113.15,2085.4,1062645
11/21/2022,Tuesday,November,Q4,2022,2084.9,2003.3,718527
11/22/2022,Wednesday,November,Q4,2022,2013.35,1986.1,629553
11/23/2022,Thursday,November,Q4,2022,1999.95,2036.5,637281
11/24/2022,Friday,November,Q4,2022,2048.8,2043.05,374383
11/25/2022,Monday,November,Q4,2022,2049,2023.95,655726
11/28/2022,Tuesday,November,Q4,2022,2034,1990.7,653530
11/29/2022,Wednesday,November,Q4,2022,2000,2012.05,499217
11/30/2022,Thursday,December,Q4,2022,2019,2116.5,1617289
12/1/2022,Friday,December,Q4,2022,2131.55,2113.55,728887
12/2/2022,Monday,December,Q4,2022,2113,2062.3,527810
12/5/2022,Tuesday,December,Q4,2022,2072,2042.1,505068
12/6/2022,Wednesday,December,Q4,2022,2042,2063.3,594052
12/7/2022,Thursday,December,Q4,2022,2062,2032.7,340020
12/8/2022,Friday,December,Q4,2022,2042.9,2052.7,316620
12/9/2022,Monday,December,Q4,2022,2063,2053.45,395043
12/12/2022,Tuesday,December,Q4,2022,2030,2024.05,334135
12/13/2022,Wednesday,December,Q4,2022,2034.2,2021.4,430094
12/14/2022,Thursday,December,Q4,2022,2026.4,2018.15,324888
12/15/2022,Friday,December,Q4,2022,2017,2024.9,351166
12/16/2022,Monday,December,Q4,2022,2012.7,2044.25,841693
12/19/2022,Tuesday,December,Q4,2022,2051,2062.05,341433
12/20/2022,Wednesday,December,Q4,2022,2060,2061.65,285591
12/21/2022,Thursday,December,Q4,2022,2070.95,1968.25,592366
12/22/2022,Friday,December,Q4,2022,1980,1980.75,724864
12/23/2022,Monday,December,Q4,2022,1970,1809.05,1242927
12/26/2022,Tuesday,December,Q4,2022,1809.05,1876.85,1226600
12/27/2022,Wednesday,December,Q4,2022,1890,1908.7,899439
12/28/2022,Thursday,December,Q4,2022,1908.7,1897.85,997622
12/29/2022,Friday,December,Q4,2022,1891,1910.25,779002
12/30/2022,Monday,January,Q1,2023,1930,1931.8,1555688
1/2/2023,Tuesday,January,Q1,2023,1933.7,1888.7,695287
1/3/2023,Wednesday,January,Q1,2023,1902.1,1892.95,813712
1/4/2023,Thursday,January,Q1,2023,1902,1860.5,728947
1/5/2023,Friday,January,Q1,2023,1869.85,1860,803349
1/6/2023,Monday,January,Q1,2023,1868.9,1838.25,455101
1/9/2023,Tuesday,January,Q1,2023,1851,1891.45,568005
1/10/2023,Wednesday,January,Q1,2023,1893.4,1895.2,654655
1/11/2023,Thursday,January,Q1,2023,1904.7,1877.15,504917
1/12/2023,Friday,January,Q1,2023,1884.25,1889.85,575619
1/13/2023,Monday,January,Q1,2023,1894.55,1915.65,507766
1/16/2023,Tuesday,January,Q1,2023,1925.25,2089.8,5267979
1/17/2023,Wednesday,January,Q1,2023,2108,2166.15,5814973
1/18/2023,Thursday,January,Q1,2023,2166.15,2096.9,1916506
1/19/2023,Friday,January,Q1,2023,2088.05,1954.3,2465786
1/20/2023,Monday,January,Q1,2023,1965,1975.6,2837568
1/23/2023,Tuesday,January,Q1,2023,1986.7,1931.85,1225337
1/24/2023,Wednesday,January,Q1,2023,1948.9,1916.8,892161
1/25/2023,Friday,January,Q1,2023,1900,1857.8,1219566
1/27/2023,Monday,January,Q1,2023,1780,1486.25,5838601
1/30/2023,Tuesday,January,Q1,2023,1325,1189,12185306
1/31/2023,Wednesday,February,Q1,2023,1135,1223.9,11356550
2/1/2023,Thursday,February,Q1,2023,1278.9,1155.35,5928882
2/2/2023,Friday,February,Q1,2023,1039.85,1039.85,509110
2/3/2023,Monday,February,Q1,2023,935.9,935.9,369006
2/6/2023,Tuesday,February,Q1,2023,889.1,889.1,290650
2/7/2023,Wednesday,February,Q1,2023,844.65,844.65,14239086
2/8/2023,Thursday,February,Q1,2023,831,802.45,11524691
2/9/2023,Friday,February,Q1,2023,770.05,762.35,4729491
2/10/2023,Monday,February,Q1,2023,732,724.25,2074917
2/13/2023,Tuesday,February,Q1,2023,688.05,688.05,294782
2/14/2023,Wednesday,February,Q1,2023,653.65,653.65,206263
2/15/2023,Thursday,February,Q1,2023,621,621,307402
2/16/2023,Friday,February,Q1,2023,632,616.3,13543834
2/17/2023,Monday,February,Q1,2023,628,628.65,3686567
2/20/2023,Tuesday,February,Q1,2023,609,597.25,2080050
2/21/2023,Wednesday,February,Q1,2023,593.1,567.4,1657718
2/22/2023,Thursday,February,Q1,2023,545,539.05,861922
2/23/2023,Friday,February,Q1,2023,512.1,512.1,223957
2/24/2023,Monday,February,Q1,2023,486.5,486.5,1417656
2/27/2023,Tuesday,February,Q1,2023,468,462.2,1064159
2/28/2023,Wednesday,March,Q1,2023,439.1,485.3,8613869
3/1/2023,Thursday,March,Q1,2023,509,509.55,387360
3/2/2023,Friday,March,Q1,2023,535,535,206751
3/3/2023,Monday,March,Q1,2023,561.75,561.75,58629
3/6/2023,Wednesday,March,Q1,2023,589.8,589.8,155806
3/8/2023,Thursday,March,Q1,2023,619.25,619.25,133344
3/9/2023,Friday,March,Q1,2023,650.2,650.2,784131
3/10/2023,Monday,March,Q1,2023,675,682.7,2561407
3/13/2023,Tuesday,March,Q1,2023,716.8,716.8,854810
3/14/2023,Wednesday,March,Q1,2023,714,706.1,9935463
3/15/2023,Thursday,March,Q1,2023,725,740.4,3892260
3/16/2023,Friday,March,Q1,2023,766.15,777.4,3038749
3/17/2023,Monday,March,Q1,2023,810,816.25,3378276
3/20/2023,Tuesday,March,Q1,2023,797.95,848.65,6908589
3/21/2023,Wednesday,March,Q1,2023,868,891.05,3819655
3/22/2023,Thursday,March,Q1,2023,923,935.6,1825044
3/23/2023,Friday,March,Q1,2023,982,982.35,1170710
3/24/2023,Monday,March,Q1,2023,1024,1029.35,12923291
3/27/2023,Tuesday,March,Q1,2023,1060,984.9,7656812
3/28/2023,Wednesday,March,Q1,2023,950,935.65,1057688
3/29/2023,Friday,March,Q1,2023,888.9,894.35,8902722
3/31/2023,Monday,April,Q2,2023,912,881.15,3833232
4/3/2023,Wednesday,April,Q2,2023,884.8,837.45,2788282
4/5/2023,Thursday,April,Q2,2023,815,815.6,3818321
4/6/2023,Monday,April,Q2,2023,838.9,856.35,3002370
4/10/2023,Tuesday,April,Q2,2023,897,899.15,1891503
4/11/2023,Wednesday,April,Q2,2023,936,944.1,1163105
4/12/2023,Thursday,April,Q2,2023,991.3,941.85,8203268
4/13/2023,Monday,April,Q2,2023,939.55,941.15,2585526
4/17/2023,Tuesday,April,Q2,2023,965,962.55,2317568
4/18/2023,Wednesday,April,Q2,2023,973,952.25,1378704
4/19/2023,Thursday,April,Q2,2023,952.4,935.8,1177133
4/20/2023,Friday,April,Q2,2023,937,933.05,1181812
4/21/2023,Monday,April,Q2,2023,937,916.2,727246
4/24/2023,Tuesday,April,Q2,2023,916.2,887.1,1450872
4/25/2023,Wednesday,April,Q2,2023,870,931.15,2314534
4/26/2023,Thursday,April,Q2,2023,934.8,924.6,1626606
4/27/2023,Friday,April,Q2,2023,924.6,917.05,695987
4/28/2023,Tuesday,May,Q2,2023,926.8,951,2759309
5/2/2023,Wednesday,May,Q2,2023,994.75,974.65,3323308
5/3/2023,Thursday,May,Q2,2023,972,942.05,1870972
5/4/2023,Friday,May,Q2,2023,936,945.55,3394830
5/5/2023,Monday,May,Q2,2023,946.95,940.55,3266241
5/8/2023,Tuesday,May,Q2,2023,922,917.3,3406153
5/9/2023,Wednesday,May,Q2,2023,917.3,903.15,3476977
5/10/2023,Thursday,May,Q2,2023,890,902.35,3682237
5/11/2023,Friday,May,Q2,2023,904.4,913.55,1061641
5/12/2023,Monday,May,Q2,2023,920,895.6,749875
5/15/2023,Tuesday,May,Q2,2023,905,868.7,868695
5/16/2023,Wednesday,May,Q2,2023,868.95,874.15,822421
5/17/2023,Thursday,May,Q2,2023,885,875.4,781898
5/18/2023,Friday,May,Q2,2023,886.55,860.55,646071
5/19/2023,Monday,May,Q2,2023,839,896.95,2849747
5/22/2023,Tuesday,May,Q2,2023,934,941.75,460730
5/23/2023,Wednesday,May,Q2,2023,988.8,988.8,228535
5/24/2023,Thursday,May,Q2,2023,1025,984.25,7440008
5/25/2023,Friday,May,Q2,2023,982.4,970.65,1892394
5/26/2023,Monday,May,Q2,2023,979.55,963.35,866198
5/29/2023,Tuesday,May,Q2,2023,989.9,977.85,3177944
5/30/2023,Wednesday,May,Q2,2023,984.85,966.85,2694114
5/31/2023,Thursday,June,Q2,2023,960,977.7,6233565
6/1/2023,Friday,June,Q2,2023,997.25,993.95,4639202
6/2/2023,Monday,June,Q2,2023,992,983.55,3707803
6/5/2023,Tuesday,June,Q2,2023,989.65,987.85,3596959
6/6/2023,Wednesday,June,Q2,2023,990,991.85,4003295
6/7/2023,Thursday,June,Q2,2023,1006.85,985.55,1247714
6/8/2023,Friday,June,Q2,2023,987,976,636876
6/9/2023,Monday,June,Q2,2023,972,963.65,416990
6/12/2023,Tuesday,June,Q2,2023,968.95,961.1,431395
6/13/2023,Wednesday,June,Q2,2023,961,955.3,476248
6/14/2023,Thursday,June,Q2,2023,955,957.65,381844
6/15/2023,Friday,June,Q2,2023,952.5,962.6,969057
6/16/2023,Monday,June,Q2,2023,967.95,975.05,1954444
6/19/2023,Tuesday,June,Q2,2023,982.85,960.35,430174
6/20/2023,Wednesday,June,Q2,2023,961,961.7,320086
6/21/2023,Thursday,June,Q2,2023,963.95,977,4202611
6/22/2023,Friday,June,Q2,2023,979.7,974.85,4562722
6/23/2023,Monday,June,Q2,2023,973,959.85,5559363
6/26/2023,Tuesday,June,Q2,2023,940,968.45,6002771
6/27/2023,Wednesday,June,Q2,2023,970.95,959.55,415940
6/28/2023,Friday,June,Q2,2023,959.85,956.65,55121312
6/30/2023,Monday,July,Q3,2023,961.65,945.9,1326330
7/3/2023,Tuesday,July,Q3,2023,955.85,942.85,634378
7/4/2023,Wednesday,July,Q3,2023,942.9,946,572039
7/5/2023,Thursday,July,Q3,2023,946,948.2,567900
7/6/2023,Friday,July,Q3,2023,950.95,962.2,799351
7/7/2023,Monday,July,Q3,2023,962.8,951,585951
7/10/2023,Tuesday,July,Q3,2023,959.85,959.45,828417
7/11/2023,Wednesday,July,Q3,2023,952,965.15,603865
7/12/2023,Thursday,July,Q3,2023,963.05,954.55,550399
7/13/2023,Friday,July,Q3,2023,960,947.05,542919
7/14/2023,Monday,July,Q3,2023,952.95,965.2,618578
7/17/2023,Tuesday,July,Q3,2023,970.15,965.3,754573
7/18/2023,Wednesday,July,Q3,2023,968,973.75,2254479
7/19/2023,Thursday,July,Q3,2023,982,979.65,735702
7/20/2023,Friday,July,Q3,2023,981.95,985,821313
7/21/2023,Monday,July,Q3,2023,985,995.55,729192
7/24/2023,Tuesday,July,Q3,2023,998.95,989.15,479401
7/25/2023,Wednesday,July,Q3,2023,990,1088.05,3645365
7/26/2023,Thursday,July,Q3,2023,1114,1140.4,6346278
7/27/2023,Friday,July,Q3,2023,1148,1119.2,2025025
7/28/2023,Monday,July,Q3,2023,1129,1092.6,1524478
7/31/2023,Tuesday,August,Q3,2023,1109,1093.3,3152824
8/1/2023,Wednesday,August,Q3,2023,1115,1087.05,2143083
8/2/2023,Thursday,August,Q3,2023,1087,1052.45,1245613
8/3/2023,Friday,August,Q3,2023,1052.45,1036,2555083
8/4/2023,Monday,August,Q3,2023,1041.7,1012.55,924378
8/7/2023,Tuesday,August,Q3,2023,1015.9,965.9,9340727
8/8/2023,Wednesday,August,Q3,2023,977.7,984.3,3855260
8/9/2023,Thursday,August,Q3,2023,994.9,971.3,1692921
8/10/2023,Friday,August,Q3,2023,976.65,973.9,1202964
8/11/2023,Monday,August,Q3,2023,979.05,971.35,816244
8/14/2023,Wednesday,August,Q3,2023,950,951.25,1039901
8/16/2023,Thursday,August,Q3,2023,956.6,948.5,812634
8/17/2023,Friday,August,Q3,2023,955,933.5,1203944
8/18/2023,Monday,August,Q3,2023,940.55,994.75,5524623
8/21/2023,Tuesday,August,Q3,2023,1006.4,1020.05,2525140
8/22/2023,Wednesday,August,Q3,2023,1029.9,1015.1,1863617
8/23/2023,Thursday,August,Q3,2023,1020.8,971.5,1549871
8/24/2023,Friday,August,Q3,2023,985,983.65,949991
8/25/2023,Monday,August,Q3,2023,985.4,979.45,589826
8/28/2023,Tuesday,August,Q3,2023,997.1,980.1,650632
8/29/2023,Wednesday,August,Q3,2023,984.05,974.5,1469569
8/30/2023,Thursday,August,Q3,2023,974.5,970.5,705104
8/31/2023,Friday,September,Q3,2023,932.05,928.65,4440751
9/1/2023,Monday,September,Q3,2023,928.6,949.1,4096797
9/4/2023,Tuesday,September,Q3,2023,952.9,959.2,4893856
9/5/2023,Wednesday,September,Q3,2023,959.2,962.1,5108072
9/6/2023,Thursday,September,Q3,2023,963,1006.1,7453688
9/7/2023,Friday,September,Q3,2023,1009.85,1002.65,5105272
9/8/2023,Monday,September,Q3,2023,1002.65,1001.2,5254899
9/11/2023,Tuesday,September,Q3,2023,1017.95,1014.65,7208880
9/12/2023,Wednesday,September,Q3,2023,1021.95,1004.8,7833978
9/13/2023,Thursday,September,Q3,2023,1002.75,985.8,962195
9/14/2023,Friday,September,Q3,2023,990.95,983.8,466895
9/15/2023,Monday,September,Q3,2023,990,1006.45,1393292
9/18/2023,Wednesday,September,Q3,2023,1015,1004.95,5210864
9/20/2023,Thursday,September,Q3,2023,1004.95,1008.95,7657175
9/21/2023,Friday,September,Q3,2023,1017.45,1023.45,8252497
9/22/2023,Monday,September,Q3,2023,1025,1018.8,6840537
9/25/2023,Tuesday,September,Q3,2023,1021.95,1013.8,4649263
9/26/2023,Wednesday,September,Q3,2023,1016.6,1012.3,5535950
9/27/2023,Thursday,September,Q3,2023,1000,1018.75,5379612
9/28/2023,Friday,September,Q3,2023,1020,1012.45,3914462
9/29/2023,Tuesday,October,Q4,2023,1005.05,987.15,895626
10/3/2023,Wednesday,October,Q4,2023,995.1,973.95,500850
10/4/2023,Thursday,October,Q4,2023,975.05,971.9,755636
10/5/2023,Friday,October,Q4,2023,978.95,959.65,451208
10/6/2023,Monday,October,Q4,2023,965,961.25,359021
10/9/2023,Tuesday,October,Q4,2023,955,938.95,574852
10/10/2023,Wednesday,October,Q4,2023,941.05,939.75,356178
10/11/2023,Thursday,October,Q4,2023,949.65,962.45,775846
10/12/2023,Friday,October,Q4,2023,965.95,948.65,353632
10/13/2023,Monday,October,Q4,2023,949.95,948.9,290187
10/16/2023,Tuesday,October,Q4,2023,950,938.8,376852
10/17/2023,Wednesday,October,Q4,2023,949.95,948.65,363315
10/18/2023,Thursday,October,Q4,2023,949.4,939.05,281564
10/19/2023,Friday,October,Q4,2023,937,933,291740
10/20/2023,Monday,October,Q4,2023,938.5,920.15,625755
10/23/2023,Wednesday,October,Q4,2023,928,880.8,695285
10/25/2023,Thursday,October,Q4,2023,881,876.15,464127
10/26/2023,Friday,October,Q4,2023,866.5,848.15,1138154
10/27/2023,Monday,October,Q4,2023,852.85,870.9,902416
10/30/2023,Tuesday,October,Q4,2023,875,915.25,2041633
10/31/2023,Wednesday,November,Q4,2023,920,911.65,713136
11/1/2023,Thursday,November,Q4,2023,914.7,880.25,551732
11/2/2023,Friday,November,Q4,2023,894,892.1,510410
11/3/2023,Monday,November,Q4,2023,898.95,902.7,286930
11/6/2023,Tuesday,November,Q4,2023,909.9,926.5,619386
11/7/2023,Wednesday,November,Q4,2023,934.7,932.15,919787
11/8/2023,Thursday,November,Q4,2023,934.95,946.65,492815
11/9/2023,Friday,November,Q4,2023,953,938.1,359924
11/10/2023,Monday,November,Q4,2023,942.8,938.7,311274
11/13/2023,Wednesday,November,Q4,2023,942.05,940.15,341112
11/15/2023,Thursday,November,Q4,2023,952,950.15,412643
11/16/2023,Friday,November,Q4,2023,948,941.35,353018
11/17/2023,Monday,November,Q4,2023,941.35,936.1,341144
11/20/2023,Tuesday,November,Q4,2023,935,926.2,472979
11/21/2023,Wednesday,November,Q4,2023,926.2,926.6,377892
11/22/2023,Thursday,November,Q4,2023,925.95,914.45,288736
11/23/2023,Friday,November,Q4,2023,920,930.7,350091
11/24/2023,Tuesday,November,Q4,2023,936,937.9,738018
11/28/2023,Wednesday,November,Q4,2023,955,1052.8,11565049
11/29/2023,Thursday,November,Q4,2023,1089.65,1041.7,6654207
11/30/2023,Friday,December,Q4,2023,1040,1028.8,4253647
12/1/2023,Monday,December,Q4,2023,1042,1026.5,1181792
12/4/2023,Tuesday,December,Q4,2023,1160,1123.75,5999345
12/5/2023,Wednesday,December,Q4,2023,1126,1348.5,16961888
12/6/2023,Thursday,December,Q4,2023,1474.5,1563.45,19688066
12/7/2023,Friday,December,Q4,2023,1580,1624.15,10884637
12/8/2023,Monday,December,Q4,2023,1645,1550.3,5410307
12/11/2023,Tuesday,December,Q4,2023,1554.4,1530,2705685
12/12/2023,Wednesday,December,Q4,2023,1532.85,1463.9,2007520
12/13/2023,Thursday,December,Q4,2023,1459,1427.7,2826807
12/14/2023,Friday,December,Q4,2023,1435.95,1508.3,3437936
12/15/2023,Monday,December,Q4,2023,1527.65,1526.65,1698622
12/18/2023,Tuesday,December,Q4,2023,1518.95,1524.65,1077675
12/19/2023,Wednesday,December,Q4,2023,1530.5,1531.8,965109
12/20/2023,Thursday,December,Q4,2023,1539.75,1452.15,2233664
12/21/2023,Friday,December,Q4,2023,1390.05,1519.55,2134995
12/22/2023,Tuesday,December,Q4,2023,1543,1533.1,1062643
12/26/2023,Wednesday,December,Q4,2023,1555,1600.2,2810862
12/27/2023,Thursday,December,Q4,2023,1644,1601.1,2120712
12/28/2023,Friday,December,Q4,2023,1605.1,1561,1156469
12/29/2023,Monday,January,Q1,2024,1570,1597,1160954
1/1/2024,Tuesday,January,Q1,2024,1598,1598.4,912757
1/2/2024,Wednesday,January,Q1,2024,1598.8,1603.55,1031651
1/3/2024,Thursday,January,Q1,2024,1699,1697.25,8064214
1/4/2024,Friday,January,Q1,2024,1706.55,1692.5,1492988
1/5/2024,Monday,January,Q1,2024,1695,1674,871729
1/8/2024,Tuesday,January,Q1,2024,1685.3,1680.05,1137776
1/9/2024,Wednesday,January,Q1,2024,1698.05,1683.4,939531
1/10/2024,Thursday,January,Q1,2024,1704,1723.25,2417233
1/11/2024,Friday,January,Q1,2024,1739,1714.15,985473
1/12/2024,Monday,January,Q1,2024,1725.6,1710.7,620508
1/15/2024,Tuesday,January,Q1,2024,1725,1694.8,687285
1/16/2024,Wednesday,January,Q1,2024,1693.5,1666.8,961314
1/17/2024,Thursday,January,Q1,2024,1653,1615,1151828
1/18/2024,Friday,January,Q1,2024,1615,1588.25,994211
1/19/2024,Tuesday,January,Q1,2024,1610,1570.75,796187
1/23/2024,Wednesday,January,Q1,2024,1740,1680.9,1594674
1/24/2024,Thursday,January,Q1,2024,1687.95,1641.35,9489231
1/25/2024,Monday,January,Q1,2024,1647,1664.8,1088872
1/29/2024,Tuesday,January,Q1,2024,1684.95,1715.5,3435566
1/30/2024,Wednesday,January,Q1,2024,1720,1679.45,992518
1/31/2024,Thursday,February,Q1,2024,1680,1669.45,802666
2/1/2024,Friday,February,Q1,2024,1689,1665.95,1735338
2/2/2024,Monday,February,Q1,2024,1681.9,1674.25,946215
2/5/2024,Tuesday,February,Q1,2024,1684,1668.65,1070961
2/6/2024,Wednesday,February,Q1,2024,1668.65,1721.65,1975868
2/7/2024,Thursday,February,Q1,2024,1749.5,1866,8925796
2/8/2024,Friday,February,Q1,2024,1884.1,1827.95,1698528
2/9/2024,Monday,February,Q1,2024,1836.9,1880.7,3159808
2/12/2024,Tuesday,February,Q1,2024,1888.05,1842.6,2383164
2/13/2024,Wednesday,February,Q1,2024,1853,1815.55,1771092
2/14/2024,Thursday,February,Q1,2024,1813,1852.25,2627140
2/15/2024,Friday,February,Q1,2024,1868,1900.75,3184514
2/16/2024,Monday,February,Q1,2024,1910.05,1904.75,1701073
2/19/2024,Tuesday,February,Q1,2024,1919,1955.05,2401867
2/20/2024,Wednesday,February,Q1,2024,1963.7,1926.65,1252526
2/21/2024,Thursday,February,Q1,2024,1926,1904.95,1184961
2/22/2024,Friday,February,Q1,2024,1915,1922.65,680137
2/23/2024,Monday,February,Q1,2024,1930.5,1923.3,599092
2/26/2024,Tuesday,February,Q1,2024,1931.4,1970.45,1995834
2/27/2024,Wednesday,February,Q1,2024,1964,1979.5,1002672
2/28/2024,Thursday,February,Q1,2024,1989.8,1918.15,916806
2/29/2024,Friday,March,Q1,2024,1921,1895.05,2243471
3/1/2024,Monday,March,Q1,2024,1930,1969.55,947398
3/4/2024,Tuesday,March,Q1,2024,1977.55,1940.7,609441
3/5/2024,Wednesday,March,Q1,2024,1943.2,1947.4,415461
3/6/2024,Thursday,March,Q1,2024,1950,1910.5,643437
3/7/2024,Monday,March,Q1,2024,1919.9,1929.1,517466
3/11/2024,Tuesday,March,Q1,2024,1930,1930.3,755932
3/12/2024,Wednesday,March,Q1,2024,1930,1897.1,639409
3/13/2024,Thursday,March,Q1,2024,1897.1,1725,2348187
3/14/2024,Friday,March,Q1,2024,1716,1895.3,1875930
3/15/2024,Monday,March,Q1,2024,1902,1902.6,1749994
3/18/2024,Tuesday,March,Q1,2024,1810.05,1869.9,1479146
3/19/2024,Wednesday,March,Q1,2024,1870,1821.55,587661
3/20/2024,Thursday,March,Q1,2024,1834.9,1847.75,463752
3/21/2024,Friday,March,Q1,2024,1861,1855.35,328500
3/22/2024,Tuesday,March,Q1,2024,1857.05,1851.75,390803
3/26/2024,Wednesday,March,Q1,2024,1840,1859,955701
3/27/2024,Thursday,March,Q1,2024,1869.7,1822.5,1172737
3/28/2024,Monday,April,Q2,2024,1832.55,1835.15,605145
4/1/2024,Tuesday,April,Q2,2024,1865,1888.3,573430
4/2/2024,Wednesday,April,Q2,2024,1891,1892.65,440580
4/3/2024,Thursday,April,Q2,2024,1893.15,1878.95,611123
4/4/2024,Friday,April,Q2,2024,1900.5,1890.85,791178
4/5/2024,Monday,April,Q2,2024,1890.85,1901.95,724439
4/8/2024,Tuesday,April,Q2,2024,1948.05,1919.1,893399
4/9/2024,Wednesday,April,Q2,2024,1930.4,1916.2,294088
4/10/2024,Friday,April,Q2,2024,1920.05,1907.5,301534
4/12/2024,Monday,April,Q2,2024,1907.9,1884.05,393681
4/15/2024,Tuesday,April,Q2,2024,1801,1815.1,978516
4/16/2024,Thursday,April,Q2,2024,1803,1811.65,495006
4/18/2024,Friday,April,Q2,2024,1829.7,1775.45,675360
4/19/2024,Monday,April,Q2,2024,1761.2,1770.05,665956
4/22/2024,Tuesday,April,Q2,2024,1802,1793.75,346708
4/23/2024,Wednesday,April,Q2,2024,1809.65,1816.4,631341
4/24/2024,Thursday,April,Q2,2024,1824.95,1808.3,294136
4/25/2024,Friday,April,Q2,2024,1818,1812.65,405971
4/26/2024,Monday,April,Q2,2024,1820,1806.65,288470
4/29/2024,Tuesday,April,Q2,2024,1815.9,1806.85,293373
4/30/2024,Thursday,May,Q2,2024,1814,1797.65,488769
5/2/2024,Friday,May,Q2,2024,1798,1786.85,517699
5/3/2024,Monday,May,Q2,2024,1796,1799.8,906386
5/6/2024,Tuesday,May,Q2,2024,1760,1766.65,558578
5/7/2024,Wednesday,May,Q2,2024,1759,1726,456457
5/8/2024,Thursday,May,Q2,2024,1728,1773,397007
5/9/2024,Friday,May,Q2,2024,1788,1712.15,490718
5/10/2024,Monday,May,Q2,2024,1730.05,1714.75,2252527
5/13/2024,Tuesday,May,Q2,2024,1710.1,1715.15,3451084
5/14/2024,Wednesday,May,Q2,2024,1719,1788.8,3657569
5/15/2024,Thursday,May,Q2,2024,1790,1839.15,8281198
5/16/2024,Friday,May,Q2,2024,1848.4,1844.4,3670374
5/17/2024,Tuesday,May,Q2,2024,1830.05,1833,3248320
5/21/2024,Wednesday,May,Q2,2024,1825,1859.35,1274397
5/22/2024,Thursday,May,Q2,2024,1879,1866.45,578311
5/23/2024,Friday,May,Q2,2024,1870,1888.8,3893291
5/24/2024,Monday,May,Q2,2024,1898.8,1926.65,2928305
5/27/2024,Tuesday,May,Q2,2024,1943.7,1929.5,4354846
5/28/2024,Wednesday,May,Q2,2024,1935,1893.65,1846867
5/29/2024,Thursday,May,Q2,2024,1872,1879.6,626181
5/30/2024,Friday,May,Q2,2024,1874,1874.9,668450
5/31/2024,Monday,June,Q2,2024,1874,1908.35,4487964
6/3/2024,Tuesday,June,Q2,2024,2125,2038,7236091
6/4/2024,Wednesday,June,Q2,2024,2029.9,1646,8291356
6/5/2024,Thursday,June,Q2,2024,1704,1828.85,5254218
6/6/2024,Friday,June,Q2,2024,1875,1865.2,1909863
6/7/2024,Monday,June,Q2,2024,1845,1864.25,1687744
6/10/2024,Tuesday,June,Q2,2024,1929,1880.35,1239388
6/11/2024,Wednesday,June,Q2,2024,1898,1855.7,666368
6/12/2024,Thursday,June,Q2,2024,1859.9,1827.35,596596
6/13/2024,Friday,June,Q2,2024,1839.15,1797.55,836369
6/14/2024,Tuesday,June,Q2,2024,1799,1806.3,1154364
6/18/2024,Wednesday,June,Q2,2024,1825,1814,633545
6/19/2024,Thursday,June,Q2,2024,1820,1789.65,971693
6/20/2024,Friday,June,Q2,2024,1807.75,1806.4,724077
6/21/2024,Monday,June,Q2,2024,1810,1780.45,753905
6/24/2024,Saturday,January,Q1,1900,1783.8,1795.7,223820
